{
  "testName": "tests/GeneralStateTests/stArgsZeroOneBalance/divNonConst.json",
  "divNonConst": {
    "expect": [
      {
        "indexes": {
          "data": 0,
          "gas": 0,
          "value": 0
        },
        "network": [
          ">=Shanghai"
        ],
        "expectException": null,
        "result": {
          "0x2ADC25665018Aa1FE0E6BC666DaC8Fc2697fF9bA": {
            "shouldnotexist": "1"
          },
          "0x095E7BAea6a6c7c4c2DfeB977eFac326aF552d87": {
            "nonce": "0x00",
            "balance": "0x00",
            "code": "0x73095e7baea6a6c7c4c2dfeb977efac326af552d873173095e7baea6a6c7c4c2dfeb977efac326af552d87310460005500000000000000000000000000000000000000000000000000000000000000000000",
            "storage": {
              "0x00": "0x00"
            }
          }
        }
      },
      {
        "indexes": {
          "data": 0,
          "gas": 0,
          "value": 1
        },
        "network": [
          ">=Shanghai"
        ],
        "expectException": null,
        "result": {
          "0x095E7BAea6a6c7c4c2DfeB977eFac326aF552d87": {
            "nonce": "0x00",
            "balance": "0x01",
            "code": "0x73095e7baea6a6c7c4c2dfeb977efac326af552d873173095e7baea6a6c7c4c2dfeb977efac326af552d87310460005500000000000000000000000000000000000000000000000000000000000000000000",
            "storage": {
              "0x00": "0x01"
            }
          },
          "0x2ADC25665018Aa1FE0E6BC666DaC8Fc2697fF9bA": {
            "shouldnotexist": "1"
          }
        }
      },
      {
        "indexes": {
          "data": 0,
          "gas": 0,
          "value": 0
        },
        "network": [
          ">=Cancun"
        ],
        "expectException": null,
        "result": {
          "0x2ADC25665018Aa1FE0E6BC666DaC8Fc2697fF9bA": {
            "shouldnotexist": "1"
          },
          "0x095E7BAea6a6c7c4c2DfeB977eFac326aF552d87": {
            "nonce": "0x00",
            "balance": "0x00",
            "code": "0x73095e7baea6a6c7c4c2dfeb977efac326af552d873173095e7baea6a6c7c4c2dfeb977efac326af552d87310460005500000000000000000000000000000000000000000000000000000000000000000000",
            "storage": {
              "0x00": "0x00"
            }
          }
        }
      },
      {
        "indexes": {
          "data": 0,
          "gas": 0,
          "value": 1
        },
        "network": [
          ">=Cancun"
        ],
        "expectException": null,
        "result": {
          "0x095E7BAea6a6c7c4c2DfeB977eFac326aF552d87": {
            "nonce": "0x00",
            "balance": "0x01",
            "code": "0x73095e7baea6a6c7c4c2dfeb977efac326af552d873173095e7baea6a6c7c4c2dfeb977efac326af552d87310460005500000000000000000000000000000000000000000000000000000000000000000000",
            "storage": {
              "0x00": "0x01"
            }
          },
          "0x2ADC25665018Aa1FE0E6BC666DaC8Fc2697fF9bA": {
            "shouldnotexist": "1"
          }
        }
      }
    ]
  }
}