{
  "testName": "tests/GeneralStateTests/stBugs/evmBytecode.json",
  "evmBytecode": {
    "expect": [
      {
        "indexes": {
          "data": 0,
          "gas": 0,
          "value": 0
        },
        "network": [
          ">=Shanghai"
        ],
        "expectException": null,
        "result": {
          "0x1000000000000000000000000000000000000000": {
            "shouldnotexist": "1"
          },
          "0xb94f5374fCe5EDbc8E2A8697c15331677E6EBf0B": {
            "nonce": "0x3f",
            "balance": "0x00",
            "code": "0x67ffffffffffffffff600160006000fb000000000000000000000000000000000000000000000000000000000000000000",
            "storage": {}
          }
        }
      },
      {
        "indexes": {
          "data": 0,
          "gas": 0,
          "value": 0
        },
        "network": [
          ">=Cancun"
        ],
        "expectException": null,
        "result": {
          "0x1000000000000000000000000000000000000000": {
            "shouldnotexist": "1"
          },
          "0xb94f5374fCe5EDbc8E2A8697c15331677E6EBf0B": {
            "nonce": "0x3f",
            "balance": "0x00",
            "code": "0x67ffffffffffffffff600160006000fb000000000000000000000000000000000000000000000000000000000000000000",
            "storage": {}
          }
        }
      }
    ]
  }
}