{
  "testName": "tests/GeneralStateTests/stBugs/staticcall_createfails.json",
  "staticcall_createfails": {
    "expect": [
      {
        "indexes": {
          "data": 0,
          "gas": 0,
          "value": 0
        },
        "network": [
          ">=Shanghai"
        ],
        "expectException": null,
        "result": {
          "0xD94F5374Fce5edbc8E2A8697c15331677e6Ebf0b": {
            "nonce": "0x3f",
            "balance": "0x00",
            "code": "0x60006000f0000000000000000000000000000000000000000000000000000000000000000000",
            "storage": {}
          },
          "0xb94f5374fCe5EDbc8E2A8697c15331677E6EBf0B": {
            "nonce": "0x3f",
            "balance": "0x00",
            "code": "0x600060006000600060003562011170fa60015500000000000000000000000000000000000000000000000000000000000000000000",
            "storage": {
              "0x01": "0x00"
            }
          },
          "0x1000000000000000000000000000000000000000": {
            "shouldnotexist": "1"
          },
          "0xc94f5374fCe5eDBc8e2a8697C15331677E6EBF0B": {
            "nonce": "0x3f",
            "balance": "0x00",
            "code": "0x6001600152600160016001f060025500000000000000000000000000000000000000000000000000000000000000000000",
            "storage": {}
          }
        }
      },
      {
        "indexes": {
          "data": 1,
          "gas": 0,
          "value": 0
        },
        "network": [
          ">=Shanghai"
        ],
        "expectException": null,
        "result": {
          "0xb94f5374fCe5EDbc8E2A8697c15331677E6EBf0B": {
            "nonce": "0x3f",
            "balance": "0x00",
            "code": "0x600060006000600060003562011170fa60015500000000000000000000000000000000000000000000000000000000000000000000",
            "storage": {
              "0x01": "0x00"
            }
          },
          "0xD94F5374Fce5edbc8E2A8697c15331677e6Ebf0b": {
            "nonce": "0x3f",
            "balance": "0x00",
            "code": "0x60006000f0000000000000000000000000000000000000000000000000000000000000000000",
            "storage": {}
          },
          "0xc94f5374fCe5eDBc8e2a8697C15331677E6EBF0B": {
            "nonce": "0x3f",
            "balance": "0x00",
            "code": "0x6001600152600160016001f060025500000000000000000000000000000000000000000000000000000000000000000000",
            "storage": {}
          },
          "0x1000000000000000000000000000000000000000": {
            "shouldnotexist": "1"
          }
        }
      },
      {
        "indexes": {
          "data": 0,
          "gas": 0,
          "value": 0
        },
        "network": [
          ">=Cancun"
        ],
        "expectException": null,
        "result": {
          "0xb94f5374fCe5EDbc8E2A8697c15331677E6EBf0B": {
            "nonce": "0x3f",
            "balance": "0x00",
            "code": "0x600060006000600060003562011170fa60015500000000000000000000000000000000000000000000000000000000000000000000",
            "storage": {
              "0x01": "0x00"
            }
          },
          "0x1000000000000000000000000000000000000000": {
            "shouldnotexist": "1"
          },
          "0xc94f5374fCe5eDBc8e2a8697C15331677E6EBF0B": {
            "nonce": "0x3f",
            "balance": "0x00",
            "code": "0x6001600152600160016001f060025500000000000000000000000000000000000000000000000000000000000000000000",
            "storage": {}
          },
          "0xD94F5374Fce5edbc8E2A8697c15331677e6Ebf0b": {
            "nonce": "0x3f",
            "balance": "0x00",
            "code": "0x60006000f0000000000000000000000000000000000000000000000000000000000000000000",
            "storage": {}
          }
        }
      },
      {
        "indexes": {
          "data": 1,
          "gas": 0,
          "value": 0
        },
        "network": [
          ">=Cancun"
        ],
        "expectException": null,
        "result": {
          "0xb94f5374fCe5EDbc8E2A8697c15331677E6EBf0B": {
            "nonce": "0x3f",
            "balance": "0x00",
            "code": "0x600060006000600060003562011170fa60015500000000000000000000000000000000000000000000000000000000000000000000",
            "storage": {
              "0x01": "0x00"
            }
          },
          "0xD94F5374Fce5edbc8E2A8697c15331677e6Ebf0b": {
            "nonce": "0x3f",
            "balance": "0x00",
            "code": "0x60006000f0000000000000000000000000000000000000000000000000000000000000000000",
            "storage": {}
          },
          "0xc94f5374fCe5eDBc8e2a8697C15331677E6EBF0B": {
            "nonce": "0x3f",
            "balance": "0x00",
            "code": "0x6001600152600160016001f060025500000000000000000000000000000000000000000000000000000000000000000000",
            "storage": {}
          },
          "0x1000000000000000000000000000000000000000": {
            "shouldnotexist": "1"
          }
        }
      }
    ]
  }
}