{
  "testName": "tests/GeneralStateTests/stCallCodes/callcodeEmptycontract.json",
  "callcodeEmptycontract": {
    "expect": [
      {
        "indexes": {
          "data": 0,
          "gas": 0,
          "value": 0
        },
        "network": [
          ">=Shanghai"
        ],
        "expectException": null,
        "result": {
          "0x1000000000000000000000000000000000000000": {
            "nonce": "0x00",
            "balance": "0x03e8",
            "code": "0x60406000604060006103e873945304eb96065b2a98b57a48a06ae28d285a71b561c350f260005500000000000000000000000000000000000000000000000000000000000000000000",
            "storage": {
              "0x00": "0x01"
            }
          },
          "0x2ADC25665018Aa1FE0E6BC666DaC8Fc2697fF9bA": {
            "shouldnotexist": "1"
          },
          "0x945304Eb96065B2A98B57a48a06ae28D285a71B5": {
            "shouldnotexist": "1"
          }
        }
      },
      {
        "indexes": {
          "data": 0,
          "gas": 0,
          "value": 0
        },
        "network": [
          ">=Cancun"
        ],
        "expectException": null,
        "result": {
          "0x945304Eb96065B2A98B57a48a06ae28D285a71B5": {
            "shouldnotexist": "1"
          },
          "0x1000000000000000000000000000000000000000": {
            "nonce": "0x00",
            "balance": "0x03e8",
            "code": "0x60406000604060006103e873945304eb96065b2a98b57a48a06ae28d285a71b561c350f260005500000000000000000000000000000000000000000000000000000000000000000000",
            "storage": {
              "0x00": "0x01"
            }
          },
          "0x2ADC25665018Aa1FE0E6BC666DaC8Fc2697fF9bA": {
            "shouldnotexist": "1"
          }
        }
      }
    ]
  }
}