{
  "testName": "tests/GeneralStateTests/stCallCreateCallCodeTest/callWithHighValue.json",
  "callWithHighValue": {
    "expect": [
      {
        "indexes": {
          "data": 0,
          "gas": 0,
          "value": 0
        },
        "network": [
          ">=Shanghai"
        ],
        "expectException": null,
        "result": {
          "0x095E7BAea6a6c7c4c2DfeB977eFac326aF552d87": {
            "nonce": "0x00",
            "balance": "0x0de0b6b3a7640000",
            "code": "0x6002600060406000670de0b6b3a764000173945304eb96065b2a98b57a48a06ae28d285a71b5620249f0f160005500000000000000000000000000000000000000000000000000000000000000000000",
            "storage": {
              "0x00": "0x00"
            }
          },
          "0x945304Eb96065B2A98B57a48a06ae28D285a71B5": {
            "nonce": "0x00",
            "balance": "0x17",
            "code": "0x600160025500000000000000000000000000000000000000000000000000000000000000000000",
            "storage": {}
          },
          "0x2ADC25665018Aa1FE0E6BC666DaC8Fc2697fF9bA": {
            "shouldnotexist": "1"
          }
        }
      },
      {
        "indexes": {
          "data": 0,
          "gas": 0,
          "value": 0
        },
        "network": [
          ">=Cancun"
        ],
        "expectException": null,
        "result": {
          "0x2ADC25665018Aa1FE0E6BC666DaC8Fc2697fF9bA": {
            "shouldnotexist": "1"
          },
          "0x095E7BAea6a6c7c4c2DfeB977eFac326aF552d87": {
            "nonce": "0x00",
            "balance": "0x0de0b6b3a7640000",
            "code": "0x6002600060406000670de0b6b3a764000173945304eb96065b2a98b57a48a06ae28d285a71b5620249f0f160005500000000000000000000000000000000000000000000000000000000000000000000",
            "storage": {
              "0x00": "0x00"
            }
          },
          "0x945304Eb96065B2A98B57a48a06ae28D285a71B5": {
            "nonce": "0x00",
            "balance": "0x17",
            "code": "0x600160025500000000000000000000000000000000000000000000000000000000000000000000",
            "storage": {}
          }
        }
      }
    ]
  }
}