{
  "testName": "tests/GeneralStateTests/stCreateTest/CreateOOGFromEOARefunds.json",
  "CreateOOGFromEOARefunds": {
    "expect": [
      {
        "indexes": {
          "data": 0,
          "gas": 0,
          "value": 0
        },
        "network": [
          ">=Shanghai"
        ],
        "expectException": null,
        "result": {
          "0x00000000000000000000000000000000000c0dE1": {
            "nonce": "0x01",
            "balance": "0x00",
            "code": "0x6000808055600190f3000000000000000000000000000000000000000000000000000000000000000000",
            "storage": {}
          },
          "0xa94f5374Fce5edBC8E2a8697C15331677e6EbF0B": {
            "nonce": "0x02",
            "balance": "0x312e5a",
            "storage": {}
          },
          "0x00000000000000000000000000000000000C0DEa": {
            "nonce": "0x01",
            "balance": "0x00",
            "code": "0x600060015500000000000000000000000000000000000000000000000000000000000000000000",
            "storage": {
              "0x01": "0x01"
            }
          },
          "0x00000000000000000000000000000000000c0De0": {
            "nonce": "0x01",
            "balance": "0x00",
            "code": "0x60ff60005260206000a060fa60206000a160fb60fa60206000a260fc60fb60fa60206000a360fd60fc60fb60fa60206000a400000000000000000000000000000000000000000000000000000000000000000000",
            "storage": {
              "0x01": "0x01"
            }
          },
          "0x00000000000000000000000000000000000c0DEd": {
            "nonce": "0x01",
            "balance": "0x00",
            "code": "0x32ff000000000000000000000000000000000000000000000000000000000000000000",
            "storage": {
              "0x01": "0x01"
            }
          },
          "0x2ADC25665018Aa1FE0E6BC666DaC8Fc2697fF9bA": {
            "shouldnotexist": "1"
          }
        }
      },
      {
        "indexes": {
          "data": 3,
          "gas": 0,
          "value": 0
        },
        "network": [
          ">=Shanghai"
        ],
        "expectException": null,
        "result": {
          "0x00000000000000000000000000000000000c0DEd": {
            "nonce": "0x01",
            "balance": "0x00",
            "code": "0x32ff000000000000000000000000000000000000000000000000000000000000000000",
            "storage": {
              "0x01": "0x01"
            }
          },
          "0x00000000000000000000000000000000000C0DEa": {
            "nonce": "0x01",
            "balance": "0x00",
            "code": "0x600060015500000000000000000000000000000000000000000000000000000000000000000000",
            "storage": {
              "0x01": "0x00"
            }
          },
          "0xa94f5374Fce5edBC8E2a8697C15331677e6EbF0B": {
            "nonce": "0x02",
            "balance": "0x311032",
            "storage": {}
          },
          "0x00000000000000000000000000000000000c0dE1": {
            "nonce": "0x01",
            "balance": "0x00",
            "code": "0x6000808055600190f3000000000000000000000000000000000000000000000000000000000000000000",
            "storage": {}
          },
          "0x00000000000000000000000000000000000c0De0": {
            "nonce": "0x01",
            "balance": "0x00",
            "code": "0x60ff60005260206000a060fa60206000a160fb60fa60206000a260fc60fb60fa60206000a360fd60fc60fb60fa60206000a400000000000000000000000000000000000000000000000000000000000000000000",
            "storage": {
              "0x01": "0x01"
            }
          },
          "0x2ADC25665018Aa1FE0E6BC666DaC8Fc2697fF9bA": {
            "shouldnotexist": "1"
          }
        }
      },
      {
        "indexes": {
          "data": 6,
          "gas": 0,
          "value": 0
        },
        "network": [
          ">=Shanghai"
        ],
        "expectException": null,
        "result": {
          "0x2ADC25665018Aa1FE0E6BC666DaC8Fc2697fF9bA": {
            "shouldnotexist": "1"
          },
          "0x00000000000000000000000000000000000c0dE1": {
            "nonce": "0x01",
            "balance": "0x00",
            "code": "0x6000808055600190f3000000000000000000000000000000000000000000000000000000000000000000",
            "storage": {}
          },
          "0x00000000000000000000000000000000000C0DEa": {
            "nonce": "0x01",
            "balance": "0x00",
            "code": "0x600060015500000000000000000000000000000000000000000000000000000000000000000000",
            "storage": {
              "0x01": "0x01"
            }
          },
          "0xa94f5374Fce5edBC8E2a8697C15331677e6EbF0B": {
            "nonce": "0x02",
            "balance": "0x30bc2c",
            "storage": {}
          },
          "0x00000000000000000000000000000000000c0De0": {
            "nonce": "0x01",
            "balance": "0x00",
            "code": "0x60ff60005260206000a060fa60206000a160fb60fa60206000a260fc60fb60fa60206000a360fd60fc60fb60fa60206000a400000000000000000000000000000000000000000000000000000000000000000000",
            "storage": {
              "0x01": "0x01"
            }
          },
          "0x00000000000000000000000000000000000c0DEd": {
            "nonce": "0x01",
            "balance": "0x00",
            "code": "0x32ff000000000000000000000000000000000000000000000000000000000000000000",
            "storage": {
              "0x01": "0x01"
            }
          }
        }
      },
      {
        "indexes": {
          "data": 9,
          "gas": 0,
          "value": 0
        },
        "network": [
          ">=Shanghai"
        ],
        "expectException": null,
        "result": {
          "0x00000000000000000000000000000000000c0dE1": {
            "nonce": "0x01",
            "balance": "0x00",
            "code": "0x6000808055600190f3000000000000000000000000000000000000000000000000000000000000000000",
            "storage": {}
          },
          "0x2ADC25665018Aa1FE0E6BC666DaC8Fc2697fF9bA": {
            "shouldnotexist": "1"
          },
          "0x00000000000000000000000000000000000c0DEd": {
            "nonce": "0x01",
            "balance": "0x00",
            "code": "0x32ff000000000000000000000000000000000000000000000000000000000000000000",
            "storage": {
              "0x01": "0x01"
            }
          },
          "0xa94f5374Fce5edBC8E2a8697C15331677e6EbF0B": {
            "nonce": "0x02",
            "balance": "0x30bb6e",
            "storage": {}
          },
          "0x00000000000000000000000000000000000c0De0": {
            "nonce": "0x01",
            "balance": "0x00",
            "code": "0x60ff60005260206000a060fa60206000a160fb60fa60206000a260fc60fb60fa60206000a360fd60fc60fb60fa60206000a400000000000000000000000000000000000000000000000000000000000000000000",
            "storage": {
              "0x01": "0x01"
            }
          },
          "0x00000000000000000000000000000000000C0DEa": {
            "nonce": "0x01",
            "balance": "0x00",
            "code": "0x600060015500000000000000000000000000000000000000000000000000000000000000000000",
            "storage": {
              "0x01": "0x01"
            }
          }
        }
      },
      {
        "indexes": {
          "data": 1,
          "gas": 0,
          "value": 0
        },
        "network": [
          ">=Shanghai"
        ],
        "expectException": null,
        "result": {
          "0x00000000000000000000000000000000000c0DEd": {
            "nonce": "0x01",
            "balance": "0x00",
            "code": "0x32ff000000000000000000000000000000000000000000000000000000000000000000",
            "storage": {
              "0x01": "0x01"
            }
          },
          "0x00000000000000000000000000000000000c0dE1": {
            "nonce": "0x01",
            "balance": "0x00",
            "code": "0x6000808055600190f3000000000000000000000000000000000000000000000000000000000000000000",
            "storage": {}
          },
          "0x00000000000000000000000000000000000C0DEa": {
            "nonce": "0x01",
            "balance": "0x00",
            "code": "0x600060015500000000000000000000000000000000000000000000000000000000000000000000",
            "storage": {
              "0x01": "0x01"
            }
          },
          "0x00000000000000000000000000000000000c0De0": {
            "nonce": "0x01",
            "balance": "0x00",
            "code": "0x60ff60005260206000a060fa60206000a160fb60fa60206000a260fc60fb60fa60206000a360fd60fc60fb60fa60206000a400000000000000000000000000000000000000000000000000000000000000000000",
            "storage": {
              "0x01": "0x01"
            }
          },
          "0xeC0e71Ad0a90FFe1909d27DAc207F7680AbbA42D": {
            "shouldnotexist": "1"
          },
          "0xa94f5374Fce5edBC8E2a8697C15331677e6EbF0B": {
            "nonce": "0x02",
            "balance": "0x00",
            "storage": {}
          },
          "0x2ADC25665018Aa1FE0E6BC666DaC8Fc2697fF9bA": {
            "shouldnotexist": "1"
          }
        }
      },
      {
        "indexes": {
          "data": 2,
          "gas": 0,
          "value": 0
        },
        "network": [
          ">=Shanghai"
        ],
        "expectException": null,
        "result": {
          "0x00000000000000000000000000000000000c0De0": {
            "nonce": "0x01",
            "balance": "0x00",
            "code": "0x60ff60005260206000a060fa60206000a160fb60fa60206000a260fc60fb60fa60206000a360fd60fc60fb60fa60206000a400000000000000000000000000000000000000000000000000000000000000000000",
            "storage": {
              "0x01": "0x01"
            }
          },
          "0x2ADC25665018Aa1FE0E6BC666DaC8Fc2697fF9bA": {
            "shouldnotexist": "1"
          },
          "0x00000000000000000000000000000000000c0dE1": {
            "nonce": "0x01",
            "balance": "0x00",
            "code": "0x6000808055600190f3000000000000000000000000000000000000000000000000000000000000000000",
            "storage": {}
          },
          "0x00000000000000000000000000000000000C0DEa": {
            "nonce": "0x01",
            "balance": "0x00",
            "code": "0x600060015500000000000000000000000000000000000000000000000000000000000000000000",
            "storage": {
              "0x01": "0x01"
            }
          },
          "0xa94f5374Fce5edBC8E2a8697C15331677e6EbF0B": {
            "nonce": "0x02",
            "balance": "0x00",
            "storage": {}
          },
          "0xeC0e71Ad0a90FFe1909d27DAc207F7680AbbA42D": {
            "shouldnotexist": "1"
          },
          "0x00000000000000000000000000000000000c0DEd": {
            "nonce": "0x01",
            "balance": "0x00",
            "code": "0x32ff000000000000000000000000000000000000000000000000000000000000000000",
            "storage": {
              "0x01": "0x01"
            }
          }
        }
      },
      {
        "indexes": {
          "data": 4,
          "gas": 0,
          "value": 0
        },
        "network": [
          ">=Shanghai"
        ],
        "expectException": null,
        "result": {
          "0x00000000000000000000000000000000000C0DEa": {
            "nonce": "0x01",
            "balance": "0x00",
            "code": "0x600060015500000000000000000000000000000000000000000000000000000000000000000000",
            "storage": {
              "0x01": "0x01"
            }
          },
          "0xa94f5374Fce5edBC8E2a8697C15331677e6EbF0B": {
            "nonce": "0x02",
            "balance": "0x00",
            "storage": {}
          },
          "0x00000000000000000000000000000000000c0DEd": {
            "nonce": "0x01",
            "balance": "0x00",
            "code": "0x32ff000000000000000000000000000000000000000000000000000000000000000000",
            "storage": {
              "0x01": "0x01"
            }
          },
          "0xeC0e71Ad0a90FFe1909d27DAc207F7680AbbA42D": {
            "shouldnotexist": "1"
          },
          "0x2ADC25665018Aa1FE0E6BC666DaC8Fc2697fF9bA": {
            "shouldnotexist": "1"
          },
          "0x00000000000000000000000000000000000c0dE1": {
            "nonce": "0x01",
            "balance": "0x00",
            "code": "0x6000808055600190f3000000000000000000000000000000000000000000000000000000000000000000",
            "storage": {}
          },
          "0x00000000000000000000000000000000000c0De0": {
            "nonce": "0x01",
            "balance": "0x00",
            "code": "0x60ff60005260206000a060fa60206000a160fb60fa60206000a260fc60fb60fa60206000a360fd60fc60fb60fa60206000a400000000000000000000000000000000000000000000000000000000000000000000",
            "storage": {
              "0x01": "0x01"
            }
          }
        }
      },
      {
        "indexes": {
          "data": 5,
          "gas": 0,
          "value": 0
        },
        "network": [
          ">=Shanghai"
        ],
        "expectException": null,
        "result": {
          "0x00000000000000000000000000000000000c0dE1": {
            "nonce": "0x01",
            "balance": "0x00",
            "code": "0x6000808055600190f3000000000000000000000000000000000000000000000000000000000000000000",
            "storage": {}
          },
          "0x00000000000000000000000000000000000c0De0": {
            "nonce": "0x01",
            "balance": "0x00",
            "code": "0x60ff60005260206000a060fa60206000a160fb60fa60206000a260fc60fb60fa60206000a360fd60fc60fb60fa60206000a400000000000000000000000000000000000000000000000000000000000000000000",
            "storage": {
              "0x01": "0x01"
            }
          },
          "0xeC0e71Ad0a90FFe1909d27DAc207F7680AbbA42D": {
            "shouldnotexist": "1"
          },
          "0x2ADC25665018Aa1FE0E6BC666DaC8Fc2697fF9bA": {
            "shouldnotexist": "1"
          },
          "0xa94f5374Fce5edBC8E2a8697C15331677e6EbF0B": {
            "nonce": "0x02",
            "balance": "0x00",
            "storage": {}
          },
          "0x00000000000000000000000000000000000C0DEa": {
            "nonce": "0x01",
            "balance": "0x00",
            "code": "0x600060015500000000000000000000000000000000000000000000000000000000000000000000",
            "storage": {
              "0x01": "0x01"
            }
          },
          "0x00000000000000000000000000000000000c0DEd": {
            "nonce": "0x01",
            "balance": "0x00",
            "code": "0x32ff000000000000000000000000000000000000000000000000000000000000000000",
            "storage": {
              "0x01": "0x01"
            }
          }
        }
      },
      {
        "indexes": {
          "data": 7,
          "gas": 0,
          "value": 0
        },
        "network": [
          ">=Shanghai"
        ],
        "expectException": null,
        "result": {
          "0x00000000000000000000000000000000000c0De0": {
            "nonce": "0x01",
            "balance": "0x00",
            "code": "0x60ff60005260206000a060fa60206000a160fb60fa60206000a260fc60fb60fa60206000a360fd60fc60fb60fa60206000a400000000000000000000000000000000000000000000000000000000000000000000",
            "storage": {
              "0x01": "0x01"
            }
          },
          "0x00000000000000000000000000000000000C0DEa": {
            "nonce": "0x01",
            "balance": "0x00",
            "code": "0x600060015500000000000000000000000000000000000000000000000000000000000000000000",
            "storage": {
              "0x01": "0x01"
            }
          },
          "0xa94f5374Fce5edBC8E2a8697C15331677e6EbF0B": {
            "nonce": "0x02",
            "balance": "0x00",
            "storage": {}
          },
          "0x2ADC25665018Aa1FE0E6BC666DaC8Fc2697fF9bA": {
            "shouldnotexist": "1"
          },
          "0xeC0e71Ad0a90FFe1909d27DAc207F7680AbbA42D": {
            "shouldnotexist": "1"
          },
          "0x00000000000000000000000000000000000c0dE1": {
            "nonce": "0x01",
            "balance": "0x00",
            "code": "0x6000808055600190f3000000000000000000000000000000000000000000000000000000000000000000",
            "storage": {}
          },
          "0x00000000000000000000000000000000000c0DEd": {
            "nonce": "0x01",
            "balance": "0x00",
            "code": "0x32ff000000000000000000000000000000000000000000000000000000000000000000",
            "storage": {
              "0x01": "0x01"
            }
          }
        }
      },
      {
        "indexes": {
          "data": 8,
          "gas": 0,
          "value": 0
        },
        "network": [
          ">=Shanghai"
        ],
        "expectException": null,
        "result": {
          "0x00000000000000000000000000000000000C0DEa": {
            "nonce": "0x01",
            "balance": "0x00",
            "code": "0x600060015500000000000000000000000000000000000000000000000000000000000000000000",
            "storage": {
              "0x01": "0x01"
            }
          },
          "0x00000000000000000000000000000000000c0dE1": {
            "nonce": "0x01",
            "balance": "0x00",
            "code": "0x6000808055600190f3000000000000000000000000000000000000000000000000000000000000000000",
            "storage": {}
          },
          "0x00000000000000000000000000000000000c0DEd": {
            "nonce": "0x01",
            "balance": "0x00",
            "code": "0x32ff000000000000000000000000000000000000000000000000000000000000000000",
            "storage": {
              "0x01": "0x01"
            }
          },
          "0xeC0e71Ad0a90FFe1909d27DAc207F7680AbbA42D": {
            "shouldnotexist": "1"
          },
          "0x00000000000000000000000000000000000c0De0": {
            "nonce": "0x01",
            "balance": "0x00",
            "code": "0x60ff60005260206000a060fa60206000a160fb60fa60206000a260fc60fb60fa60206000a360fd60fc60fb60fa60206000a400000000000000000000000000000000000000000000000000000000000000000000",
            "storage": {
              "0x01": "0x01"
            }
          },
          "0x2ADC25665018Aa1FE0E6BC666DaC8Fc2697fF9bA": {
            "shouldnotexist": "1"
          },
          "0xa94f5374Fce5edBC8E2a8697C15331677e6EbF0B": {
            "nonce": "0x02",
            "balance": "0x00",
            "storage": {}
          }
        }
      },
      {
        "indexes": {
          "data": 10,
          "gas": 0,
          "value": 0
        },
        "network": [
          ">=Shanghai"
        ],
        "expectException": null,
        "result": {
          "0x2ADC25665018Aa1FE0E6BC666DaC8Fc2697fF9bA": {
            "shouldnotexist": "1"
          },
          "0x00000000000000000000000000000000000c0dE1": {
            "nonce": "0x01",
            "balance": "0x00",
            "code": "0x6000808055600190f3000000000000000000000000000000000000000000000000000000000000000000",
            "storage": {}
          },
          "0xa94f5374Fce5edBC8E2a8697C15331677e6EbF0B": {
            "nonce": "0x02",
            "balance": "0x00",
            "storage": {}
          },
          "0x00000000000000000000000000000000000c0DEd": {
            "nonce": "0x01",
            "balance": "0x00",
            "code": "0x32ff000000000000000000000000000000000000000000000000000000000000000000",
            "storage": {
              "0x01": "0x01"
            }
          },
          "0x00000000000000000000000000000000000C0DEa": {
            "nonce": "0x01",
            "balance": "0x00",
            "code": "0x600060015500000000000000000000000000000000000000000000000000000000000000000000",
            "storage": {
              "0x01": "0x01"
            }
          },
          "0xeC0e71Ad0a90FFe1909d27DAc207F7680AbbA42D": {
            "shouldnotexist": "1"
          },
          "0x00000000000000000000000000000000000c0De0": {
            "nonce": "0x01",
            "balance": "0x00",
            "code": "0x60ff60005260206000a060fa60206000a160fb60fa60206000a260fc60fb60fa60206000a360fd60fc60fb60fa60206000a400000000000000000000000000000000000000000000000000000000000000000000",
            "storage": {
              "0x01": "0x01"
            }
          }
        }
      },
      {
        "indexes": {
          "data": 11,
          "gas": 0,
          "value": 0
        },
        "network": [
          ">=Shanghai"
        ],
        "expectException": null,
        "result": {
          "0xeC0e71Ad0a90FFe1909d27DAc207F7680AbbA42D": {
            "shouldnotexist": "1"
          },
          "0x00000000000000000000000000000000000c0De0": {
            "nonce": "0x01",
            "balance": "0x00",
            "code": "0x60ff60005260206000a060fa60206000a160fb60fa60206000a260fc60fb60fa60206000a360fd60fc60fb60fa60206000a400000000000000000000000000000000000000000000000000000000000000000000",
            "storage": {
              "0x01": "0x01"
            }
          },
          "0x00000000000000000000000000000000000c0DEd": {
            "nonce": "0x01",
            "balance": "0x00",
            "code": "0x32ff000000000000000000000000000000000000000000000000000000000000000000",
            "storage": {
              "0x01": "0x01"
            }
          },
          "0x00000000000000000000000000000000000C0DEa": {
            "nonce": "0x01",
            "balance": "0x00",
            "code": "0x600060015500000000000000000000000000000000000000000000000000000000000000000000",
            "storage": {
              "0x01": "0x01"
            }
          },
          "0xa94f5374Fce5edBC8E2a8697C15331677e6EbF0B": {
            "nonce": "0x02",
            "balance": "0x00",
            "storage": {}
          },
          "0x2ADC25665018Aa1FE0E6BC666DaC8Fc2697fF9bA": {
            "shouldnotexist": "1"
          },
          "0x00000000000000000000000000000000000c0dE1": {
            "nonce": "0x01",
            "balance": "0x00",
            "code": "0x6000808055600190f3000000000000000000000000000000000000000000000000000000000000000000",
            "storage": {}
          }
        }
      },
      {
        "indexes": {
          "data": 12,
          "gas": 0,
          "value": 0
        },
        "network": [
          ">=Shanghai"
        ],
        "expectException": null,
        "result": {
          "0x2ADC25665018Aa1FE0E6BC666DaC8Fc2697fF9bA": {
            "shouldnotexist": "1"
          },
          "0x00000000000000000000000000000000000C0DEa": {
            "nonce": "0x01",
            "balance": "0x00",
            "code": "0x600060015500000000000000000000000000000000000000000000000000000000000000000000",
            "storage": {
              "0x01": "0x01"
            }
          },
          "0x00000000000000000000000000000000000c0De0": {
            "nonce": "0x01",
            "balance": "0x00",
            "code": "0x60ff60005260206000a060fa60206000a160fb60fa60206000a260fc60fb60fa60206000a360fd60fc60fb60fa60206000a400000000000000000000000000000000000000000000000000000000000000000000",
            "storage": {
              "0x01": "0x01"
            }
          },
          "0xa94f5374Fce5edBC8E2a8697C15331677e6EbF0B": {
            "nonce": "0x02",
            "balance": "0x3054da",
            "storage": {}
          },
          "0x00000000000000000000000000000000000c0dE1": {
            "nonce": "0x01",
            "balance": "0x00",
            "code": "0x6000808055600190f3000000000000000000000000000000000000000000000000000000000000000000",
            "storage": {}
          },
          "0x00000000000000000000000000000000000c0DEd": {
            "shouldnotexist": "1"
          }
        }
      },
      {
        "indexes": {
          "data": 13,
          "gas": 0,
          "value": 0
        },
        "network": [
          ">=Shanghai"
        ],
        "expectException": null,
        "result": {
          "0xeC0e71Ad0a90FFe1909d27DAc207F7680AbbA42D": {
            "shouldnotexist": "1"
          },
          "0x00000000000000000000000000000000000c0DEd": {
            "nonce": "0x01",
            "balance": "0x00",
            "code": "0x32ff000000000000000000000000000000000000000000000000000000000000000000",
            "storage": {
              "0x01": "0x01"
            }
          },
          "0x00000000000000000000000000000000000C0DEa": {
            "nonce": "0x01",
            "balance": "0x00",
            "code": "0x600060015500000000000000000000000000000000000000000000000000000000000000000000",
            "storage": {
              "0x01": "0x01"
            }
          },
          "0xa94f5374Fce5edBC8E2a8697C15331677e6EbF0B": {
            "nonce": "0x02",
            "balance": "0x00",
            "storage": {}
          },
          "0x2ADC25665018Aa1FE0E6BC666DaC8Fc2697fF9bA": {
            "shouldnotexist": "1"
          },
          "0x00000000000000000000000000000000000c0De0": {
            "nonce": "0x01",
            "balance": "0x00",
            "code": "0x60ff60005260206000a060fa60206000a160fb60fa60206000a260fc60fb60fa60206000a360fd60fc60fb60fa60206000a400000000000000000000000000000000000000000000000000000000000000000000",
            "storage": {
              "0x01": "0x01"
            }
          },
          "0x00000000000000000000000000000000000c0dE1": {
            "nonce": "0x01",
            "balance": "0x00",
            "code": "0x6000808055600190f3000000000000000000000000000000000000000000000000000000000000000000",
            "storage": {}
          }
        }
      },
      {
        "indexes": {
          "data": 14,
          "gas": 0,
          "value": 0
        },
        "network": [
          ">=Shanghai"
        ],
        "expectException": null,
        "result": {
          "0x00000000000000000000000000000000000c0DEd": {
            "nonce": "0x01",
            "balance": "0x00",
            "code": "0x32ff000000000000000000000000000000000000000000000000000000000000000000",
            "storage": {
              "0x01": "0x01"
            }
          },
          "0x00000000000000000000000000000000000c0De0": {
            "nonce": "0x01",
            "balance": "0x00",
            "code": "0x60ff60005260206000a060fa60206000a160fb60fa60206000a260fc60fb60fa60206000a360fd60fc60fb60fa60206000a400000000000000000000000000000000000000000000000000000000000000000000",
            "storage": {
              "0x01": "0x01"
            }
          },
          "0x00000000000000000000000000000000000C0DEa": {
            "nonce": "0x01",
            "balance": "0x00",
            "code": "0x600060015500000000000000000000000000000000000000000000000000000000000000000000",
            "storage": {
              "0x01": "0x01"
            }
          },
          "0x00000000000000000000000000000000000c0dE1": {
            "nonce": "0x01",
            "balance": "0x00",
            "code": "0x6000808055600190f3000000000000000000000000000000000000000000000000000000000000000000",
            "storage": {}
          },
          "0xa94f5374Fce5edBC8E2a8697C15331677e6EbF0B": {
            "nonce": "0x02",
            "balance": "0x00",
            "storage": {}
          },
          "0x2ADC25665018Aa1FE0E6BC666DaC8Fc2697fF9bA": {
            "shouldnotexist": "1"
          },
          "0xeC0e71Ad0a90FFe1909d27DAc207F7680AbbA42D": {
            "shouldnotexist": "1"
          }
        }
      },
      {
        "indexes": {
          "data": 15,
          "gas": 0,
          "value": 0
        },
        "network": [
          ">=Shanghai"
        ],
        "expectException": null,
        "result": {
          "0x2ADC25665018Aa1FE0E6BC666DaC8Fc2697fF9bA": {
            "shouldnotexist": "1"
          },
          "0x00000000000000000000000000000000000C0DEa": {
            "nonce": "0x01",
            "balance": "0x00",
            "code": "0x600060015500000000000000000000000000000000000000000000000000000000000000000000",
            "storage": {
              "0x01": "0x01"
            }
          },
          "0x00000000000000000000000000000000000c0DEd": {
            "nonce": "0x01",
            "balance": "0x00",
            "code": "0x32ff000000000000000000000000000000000000000000000000000000000000000000",
            "storage": {
              "0x01": "0x01"
            }
          },
          "0xa94f5374Fce5edBC8E2a8697C15331677e6EbF0B": {
            "nonce": "0x02",
            "balance": "0x3007b4",
            "storage": {}
          },
          "0x00000000000000000000000000000000000c0De0": {
            "nonce": "0x01",
            "balance": "0x00",
            "code": "0x60ff60005260206000a060fa60206000a160fb60fa60206000a260fc60fb60fa60206000a360fd60fc60fb60fa60206000a400000000000000000000000000000000000000000000000000000000000000000000",
            "storage": {
              "0x01": "0x01"
            }
          },
          "0x00000000000000000000000000000000000c0dE1": {
            "nonce": "0x01",
            "balance": "0x00",
            "code": "0x6000808055600190f3000000000000000000000000000000000000000000000000000000000000000000",
            "storage": {}
          }
        }
      },
      {
        "indexes": {
          "data": 16,
          "gas": 0,
          "value": 0
        },
        "network": [
          ">=Shanghai"
        ],
        "expectException": null,
        "result": {
          "0x00000000000000000000000000000000000c0De0": {
            "nonce": "0x01",
            "balance": "0x00",
            "code": "0x60ff60005260206000a060fa60206000a160fb60fa60206000a260fc60fb60fa60206000a360fd60fc60fb60fa60206000a400000000000000000000000000000000000000000000000000000000000000000000",
            "storage": {
              "0x01": "0x01"
            }
          },
          "0xa94f5374Fce5edBC8E2a8697C15331677e6EbF0B": {
            "nonce": "0x02",
            "balance": "0x00",
            "storage": {}
          },
          "0x00000000000000000000000000000000000c0DEd": {
            "nonce": "0x01",
            "balance": "0x00",
            "code": "0x32ff000000000000000000000000000000000000000000000000000000000000000000",
            "storage": {
              "0x01": "0x01"
            }
          },
          "0x00000000000000000000000000000000000c0dE1": {
            "nonce": "0x01",
            "balance": "0x00",
            "code": "0x6000808055600190f3000000000000000000000000000000000000000000000000000000000000000000",
            "storage": {}
          },
          "0xeC0e71Ad0a90FFe1909d27DAc207F7680AbbA42D": {
            "shouldnotexist": "1"
          },
          "0x00000000000000000000000000000000000C0DEa": {
            "nonce": "0x01",
            "balance": "0x00",
            "code": "0x600060015500000000000000000000000000000000000000000000000000000000000000000000",
            "storage": {
              "0x01": "0x01"
            }
          },
          "0x2ADC25665018Aa1FE0E6BC666DaC8Fc2697fF9bA": {
            "shouldnotexist": "1"
          }
        }
      },
      {
        "indexes": {
          "data": 17,
          "gas": 0,
          "value": 0
        },
        "network": [
          ">=Shanghai"
        ],
        "expectException": null,
        "result": {
          "0xeC0e71Ad0a90FFe1909d27DAc207F7680AbbA42D": {
            "shouldnotexist": "1"
          },
          "0x00000000000000000000000000000000000C0DEa": {
            "nonce": "0x01",
            "balance": "0x00",
            "code": "0x600060015500000000000000000000000000000000000000000000000000000000000000000000",
            "storage": {
              "0x01": "0x01"
            }
          },
          "0x00000000000000000000000000000000000c0dE1": {
            "nonce": "0x01",
            "balance": "0x00",
            "code": "0x6000808055600190f3000000000000000000000000000000000000000000000000000000000000000000",
            "storage": {}
          },
          "0x00000000000000000000000000000000000c0De0": {
            "nonce": "0x01",
            "balance": "0x00",
            "code": "0x60ff60005260206000a060fa60206000a160fb60fa60206000a260fc60fb60fa60206000a360fd60fc60fb60fa60206000a400000000000000000000000000000000000000000000000000000000000000000000",
            "storage": {
              "0x01": "0x01"
            }
          },
          "0xa94f5374Fce5edBC8E2a8697C15331677e6EbF0B": {
            "nonce": "0x02",
            "balance": "0x00",
            "storage": {}
          },
          "0x00000000000000000000000000000000000c0DEd": {
            "nonce": "0x01",
            "balance": "0x00",
            "code": "0x32ff000000000000000000000000000000000000000000000000000000000000000000",
            "storage": {
              "0x01": "0x01"
            }
          },
          "0x2ADC25665018Aa1FE0E6BC666DaC8Fc2697fF9bA": {
            "shouldnotexist": "1"
          }
        }
      },
      {
        "indexes": {
          "data": 18,
          "gas": 0,
          "value": 0
        },
        "network": [
          ">=Shanghai"
        ],
        "expectException": null,
        "result": {
          "0x00000000000000000000000000000000000c0De0": {
            "nonce": "0x01",
            "balance": "0x00",
            "code": "0x60ff60005260206000a060fa60206000a160fb60fa60206000a260fc60fb60fa60206000a360fd60fc60fb60fa60206000a400000000000000000000000000000000000000000000000000000000000000000000",
            "storage": {
              "0x01": "0x01"
            }
          },
          "0x00000000000000000000000000000000000c0dE1": {
            "nonce": "0x01",
            "balance": "0x00",
            "code": "0x6000808055600190f3000000000000000000000000000000000000000000000000000000000000000000",
            "storage": {}
          },
          "0x2ADC25665018Aa1FE0E6BC666DaC8Fc2697fF9bA": {
            "shouldnotexist": "1"
          },
          "0x00000000000000000000000000000000000c0DEd": {
            "nonce": "0x01",
            "balance": "0x00",
            "code": "0x32ff000000000000000000000000000000000000000000000000000000000000000000",
            "storage": {
              "0x01": "0x01"
            }
          },
          "0xa94f5374Fce5edBC8E2a8697C15331677e6EbF0B": {
            "nonce": "0x02",
            "balance": "0x2b75fa",
            "storage": {}
          },
          "0x00000000000000000000000000000000000C0DEa": {
            "nonce": "0x01",
            "balance": "0x00",
            "code": "0x600060015500000000000000000000000000000000000000000000000000000000000000000000",
            "storage": {
              "0x01": "0x01"
            }
          }
        }
      },
      {
        "indexes": {
          "data": 19,
          "gas": 0,
          "value": 0
        },
        "network": [
          ">=Shanghai"
        ],
        "expectException": null,
        "result": {
          "0x00000000000000000000000000000000000c0dE1": {
            "nonce": "0x01",
            "balance": "0x00",
            "code": "0x6000808055600190f3000000000000000000000000000000000000000000000000000000000000000000",
            "storage": {}
          },
          "0x2ADC25665018Aa1FE0E6BC666DaC8Fc2697fF9bA": {
            "shouldnotexist": "1"
          },
          "0xa94f5374Fce5edBC8E2a8697C15331677e6EbF0B": {
            "nonce": "0x02",
            "balance": "0x00",
            "storage": {}
          },
          "0x00000000000000000000000000000000000c0DEd": {
            "nonce": "0x01",
            "balance": "0x00",
            "code": "0x32ff000000000000000000000000000000000000000000000000000000000000000000",
            "storage": {
              "0x01": "0x01"
            }
          },
          "0x00000000000000000000000000000000000C0DEa": {
            "nonce": "0x01",
            "balance": "0x00",
            "code": "0x600060015500000000000000000000000000000000000000000000000000000000000000000000",
            "storage": {
              "0x01": "0x01"
            }
          },
          "0x00000000000000000000000000000000000c0De0": {
            "nonce": "0x01",
            "balance": "0x00",
            "code": "0x60ff60005260206000a060fa60206000a160fb60fa60206000a260fc60fb60fa60206000a360fd60fc60fb60fa60206000a400000000000000000000000000000000000000000000000000000000000000000000",
            "storage": {
              "0x01": "0x01"
            }
          },
          "0xE3476106159f87477ad639E3ddCBB6B240eFe459": {
            "shouldnotexist": "1"
          },
          "0xeC0e71Ad0a90FFe1909d27DAc207F7680AbbA42D": {
            "shouldnotexist": "1"
          }
        }
      },
      {
        "indexes": {
          "data": 20,
          "gas": 0,
          "value": 0
        },
        "network": [
          ">=Shanghai"
        ],
        "expectException": null,
        "result": {
          "0x00000000000000000000000000000000000c0dE1": {
            "nonce": "0x01",
            "balance": "0x00",
            "code": "0x6000808055600190f3000000000000000000000000000000000000000000000000000000000000000000",
            "storage": {}
          },
          "0x00000000000000000000000000000000000C0DEa": {
            "nonce": "0x01",
            "balance": "0x00",
            "code": "0x600060015500000000000000000000000000000000000000000000000000000000000000000000",
            "storage": {
              "0x01": "0x01"
            }
          },
          "0xa94f5374Fce5edBC8E2a8697C15331677e6EbF0B": {
            "nonce": "0x02",
            "balance": "0x00",
            "storage": {}
          },
          "0x00000000000000000000000000000000000c0DEd": {
            "nonce": "0x01",
            "balance": "0x00",
            "code": "0x32ff000000000000000000000000000000000000000000000000000000000000000000",
            "storage": {
              "0x01": "0x01"
            }
          },
          "0xeC0e71Ad0a90FFe1909d27DAc207F7680AbbA42D": {
            "shouldnotexist": "1"
          },
          "0x2ADC25665018Aa1FE0E6BC666DaC8Fc2697fF9bA": {
            "shouldnotexist": "1"
          },
          "0xE3476106159f87477ad639E3ddCBB6B240eFe459": {
            "shouldnotexist": "1"
          },
          "0x00000000000000000000000000000000000c0De0": {
            "nonce": "0x01",
            "balance": "0x00",
            "code": "0x60ff60005260206000a060fa60206000a160fb60fa60206000a260fc60fb60fa60206000a360fd60fc60fb60fa60206000a400000000000000000000000000000000000000000000000000000000000000000000",
            "storage": {
              "0x01": "0x01"
            }
          }
        }
      },
      {
        "indexes": {
          "data": 21,
          "gas": 0,
          "value": 0
        },
        "network": [
          ">=Shanghai"
        ],
        "expectException": null,
        "result": {
          "0x00000000000000000000000000000000000c0DEd": {
            "nonce": "0x01",
            "balance": "0x00",
            "code": "0x32ff000000000000000000000000000000000000000000000000000000000000000000",
            "storage": {
              "0x01": "0x01"
            }
          },
          "0x2ADC25665018Aa1FE0E6BC666DaC8Fc2697fF9bA": {
            "shouldnotexist": "1"
          },
          "0xa94f5374Fce5edBC8E2a8697C15331677e6EbF0B": {
            "nonce": "0x02",
            "balance": "0x2bd536",
            "storage": {}
          },
          "0x00000000000000000000000000000000000c0De0": {
            "nonce": "0x01",
            "balance": "0x00",
            "code": "0x60ff60005260206000a060fa60206000a160fb60fa60206000a260fc60fb60fa60206000a360fd60fc60fb60fa60206000a400000000000000000000000000000000000000000000000000000000000000000000",
            "storage": {
              "0x01": "0x01"
            }
          },
          "0x00000000000000000000000000000000000c0dE1": {
            "nonce": "0x01",
            "balance": "0x00",
            "code": "0x6000808055600190f3000000000000000000000000000000000000000000000000000000000000000000",
            "storage": {}
          },
          "0x00000000000000000000000000000000000C0DEa": {
            "nonce": "0x01",
            "balance": "0x00",
            "code": "0x600060015500000000000000000000000000000000000000000000000000000000000000000000",
            "storage": {
              "0x01": "0x01"
            }
          }
        }
      },
      {
        "indexes": {
          "data": 22,
          "gas": 0,
          "value": 0
        },
        "network": [
          ">=Shanghai"
        ],
        "expectException": null,
        "result": {
          "0x00000000000000000000000000000000000c0De0": {
            "nonce": "0x01",
            "balance": "0x00",
            "code": "0x60ff60005260206000a060fa60206000a160fb60fa60206000a260fc60fb60fa60206000a360fd60fc60fb60fa60206000a400000000000000000000000000000000000000000000000000000000000000000000",
            "storage": {
              "0x01": "0x01"
            }
          },
          "0xA477fEf3Cd28aBE6eA6bc3b933156f1Bca4328c7": {
            "shouldnotexist": "1"
          },
          "0x2ADC25665018Aa1FE0E6BC666DaC8Fc2697fF9bA": {
            "shouldnotexist": "1"
          },
          "0x00000000000000000000000000000000000C0DEa": {
            "nonce": "0x01",
            "balance": "0x00",
            "code": "0x600060015500000000000000000000000000000000000000000000000000000000000000000000",
            "storage": {
              "0x01": "0x01"
            }
          },
          "0xa94f5374Fce5edBC8E2a8697C15331677e6EbF0B": {
            "nonce": "0x02",
            "balance": "0x00",
            "storage": {}
          },
          "0x00000000000000000000000000000000000c0DEd": {
            "nonce": "0x01",
            "balance": "0x00",
            "code": "0x32ff000000000000000000000000000000000000000000000000000000000000000000",
            "storage": {
              "0x01": "0x01"
            }
          },
          "0x00000000000000000000000000000000000c0dE1": {
            "nonce": "0x01",
            "balance": "0x00",
            "code": "0x6000808055600190f3000000000000000000000000000000000000000000000000000000000000000000",
            "storage": {}
          },
          "0xeC0e71Ad0a90FFe1909d27DAc207F7680AbbA42D": {
            "shouldnotexist": "1"
          }
        }
      },
      {
        "indexes": {
          "data": 23,
          "gas": 0,
          "value": 0
        },
        "network": [
          ">=Shanghai"
        ],
        "expectException": null,
        "result": {
          "0x2ADC25665018Aa1FE0E6BC666DaC8Fc2697fF9bA": {
            "shouldnotexist": "1"
          },
          "0xa94f5374Fce5edBC8E2a8697C15331677e6EbF0B": {
            "nonce": "0x02",
            "balance": "0x00",
            "storage": {}
          },
          "0x00000000000000000000000000000000000c0De0": {
            "nonce": "0x01",
            "balance": "0x00",
            "code": "0x60ff60005260206000a060fa60206000a160fb60fa60206000a260fc60fb60fa60206000a360fd60fc60fb60fa60206000a400000000000000000000000000000000000000000000000000000000000000000000",
            "storage": {
              "0x01": "0x01"
            }
          },
          "0x00000000000000000000000000000000000c0DEd": {
            "nonce": "0x01",
            "balance": "0x00",
            "code": "0x32ff000000000000000000000000000000000000000000000000000000000000000000",
            "storage": {
              "0x01": "0x01"
            }
          },
          "0xA477fEf3Cd28aBE6eA6bc3b933156f1Bca4328c7": {
            "shouldnotexist": "1"
          },
          "0x00000000000000000000000000000000000C0DEa": {
            "nonce": "0x01",
            "balance": "0x00",
            "code": "0x600060015500000000000000000000000000000000000000000000000000000000000000000000",
            "storage": {
              "0x01": "0x01"
            }
          },
          "0xeC0e71Ad0a90FFe1909d27DAc207F7680AbbA42D": {
            "shouldnotexist": "1"
          },
          "0x00000000000000000000000000000000000c0dE1": {
            "nonce": "0x01",
            "balance": "0x00",
            "code": "0x6000808055600190f3000000000000000000000000000000000000000000000000000000000000000000",
            "storage": {}
          }
        }
      },
      {
        "indexes": {
          "data": 0,
          "gas": 0,
          "value": 0
        },
        "network": [
          ">=Cancun"
        ],
        "expectException": null,
        "result": {
          "0x00000000000000000000000000000000000c0De0": {
            "nonce": "0x01",
            "balance": "0x00",
            "code": "0x60ff60005260206000a060fa60206000a160fb60fa60206000a260fc60fb60fa60206000a360fd60fc60fb60fa60206000a400000000000000000000000000000000000000000000000000000000000000000000",
            "storage": {
              "0x01": "0x01"
            }
          },
          "0x00000000000000000000000000000000000C0DEa": {
            "nonce": "0x01",
            "balance": "0x00",
            "code": "0x600060015500000000000000000000000000000000000000000000000000000000000000000000",
            "storage": {
              "0x01": "0x01"
            }
          },
          "0xa94f5374Fce5edBC8E2a8697C15331677e6EbF0B": {
            "nonce": "0x02",
            "balance": "0x312e5a",
            "storage": {}
          },
          "0x00000000000000000000000000000000000c0DEd": {
            "nonce": "0x01",
            "balance": "0x00",
            "code": "0x32ff000000000000000000000000000000000000000000000000000000000000000000",
            "storage": {
              "0x01": "0x01"
            }
          },
          "0x2ADC25665018Aa1FE0E6BC666DaC8Fc2697fF9bA": {
            "shouldnotexist": "1"
          },
          "0x00000000000000000000000000000000000c0dE1": {
            "nonce": "0x01",
            "balance": "0x00",
            "code": "0x6000808055600190f3000000000000000000000000000000000000000000000000000000000000000000",
            "storage": {}
          }
        }
      },
      {
        "indexes": {
          "data": 3,
          "gas": 0,
          "value": 0
        },
        "network": [
          ">=Cancun"
        ],
        "expectException": null,
        "result": {
          "0x00000000000000000000000000000000000c0De0": {
            "nonce": "0x01",
            "balance": "0x00",
            "code": "0x60ff60005260206000a060fa60206000a160fb60fa60206000a260fc60fb60fa60206000a360fd60fc60fb60fa60206000a400000000000000000000000000000000000000000000000000000000000000000000",
            "storage": {
              "0x01": "0x01"
            }
          },
          "0x00000000000000000000000000000000000c0DEd": {
            "nonce": "0x01",
            "balance": "0x00",
            "code": "0x32ff000000000000000000000000000000000000000000000000000000000000000000",
            "storage": {
              "0x01": "0x01"
            }
          },
          "0x00000000000000000000000000000000000c0dE1": {
            "nonce": "0x01",
            "balance": "0x00",
            "code": "0x6000808055600190f3000000000000000000000000000000000000000000000000000000000000000000",
            "storage": {}
          },
          "0x2ADC25665018Aa1FE0E6BC666DaC8Fc2697fF9bA": {
            "shouldnotexist": "1"
          },
          "0xa94f5374Fce5edBC8E2a8697C15331677e6EbF0B": {
            "nonce": "0x02",
            "balance": "0x311032",
            "storage": {}
          },
          "0x00000000000000000000000000000000000C0DEa": {
            "nonce": "0x01",
            "balance": "0x00",
            "code": "0x600060015500000000000000000000000000000000000000000000000000000000000000000000",
            "storage": {
              "0x01": "0x00"
            }
          }
        }
      },
      {
        "indexes": {
          "data": 6,
          "gas": 0,
          "value": 0
        },
        "network": [
          ">=Cancun"
        ],
        "expectException": null,
        "result": {
          "0x00000000000000000000000000000000000C0DEa": {
            "nonce": "0x01",
            "balance": "0x00",
            "code": "0x600060015500000000000000000000000000000000000000000000000000000000000000000000",
            "storage": {
              "0x01": "0x01"
            }
          },
          "0x00000000000000000000000000000000000c0DEd": {
            "nonce": "0x01",
            "balance": "0x00",
            "code": "0x32ff000000000000000000000000000000000000000000000000000000000000000000",
            "storage": {
              "0x01": "0x01"
            }
          },
          "0x2ADC25665018Aa1FE0E6BC666DaC8Fc2697fF9bA": {
            "shouldnotexist": "1"
          },
          "0xa94f5374Fce5edBC8E2a8697C15331677e6EbF0B": {
            "nonce": "0x02",
            "balance": "0x30bc2c",
            "storage": {}
          },
          "0x00000000000000000000000000000000000c0dE1": {
            "nonce": "0x01",
            "balance": "0x00",
            "code": "0x6000808055600190f3000000000000000000000000000000000000000000000000000000000000000000",
            "storage": {}
          },
          "0x00000000000000000000000000000000000c0De0": {
            "nonce": "0x01",
            "balance": "0x00",
            "code": "0x60ff60005260206000a060fa60206000a160fb60fa60206000a260fc60fb60fa60206000a360fd60fc60fb60fa60206000a400000000000000000000000000000000000000000000000000000000000000000000",
            "storage": {
              "0x01": "0x01"
            }
          }
        }
      },
      {
        "indexes": {
          "data": 9,
          "gas": 0,
          "value": 0
        },
        "network": [
          ">=Cancun"
        ],
        "expectException": null,
        "result": {
          "0x00000000000000000000000000000000000c0dE1": {
            "nonce": "0x01",
            "balance": "0x00",
            "code": "0x6000808055600190f3000000000000000000000000000000000000000000000000000000000000000000",
            "storage": {}
          },
          "0xa94f5374Fce5edBC8E2a8697C15331677e6EbF0B": {
            "nonce": "0x02",
            "balance": "0x30bb6e",
            "storage": {}
          },
          "0x00000000000000000000000000000000000C0DEa": {
            "nonce": "0x01",
            "balance": "0x00",
            "code": "0x600060015500000000000000000000000000000000000000000000000000000000000000000000",
            "storage": {
              "0x01": "0x01"
            }
          },
          "0x2ADC25665018Aa1FE0E6BC666DaC8Fc2697fF9bA": {
            "shouldnotexist": "1"
          },
          "0x00000000000000000000000000000000000c0DEd": {
            "nonce": "0x01",
            "balance": "0x00",
            "code": "0x32ff000000000000000000000000000000000000000000000000000000000000000000",
            "storage": {
              "0x01": "0x01"
            }
          },
          "0x00000000000000000000000000000000000c0De0": {
            "nonce": "0x01",
            "balance": "0x00",
            "code": "0x60ff60005260206000a060fa60206000a160fb60fa60206000a260fc60fb60fa60206000a360fd60fc60fb60fa60206000a400000000000000000000000000000000000000000000000000000000000000000000",
            "storage": {
              "0x01": "0x01"
            }
          }
        }
      },
      {
        "indexes": {
          "data": 1,
          "gas": 0,
          "value": 0
        },
        "network": [
          ">=Cancun"
        ],
        "expectException": null,
        "result": {
          "0xa94f5374Fce5edBC8E2a8697C15331677e6EbF0B": {
            "nonce": "0x02",
            "balance": "0x00",
            "storage": {}
          },
          "0x00000000000000000000000000000000000c0De0": {
            "nonce": "0x01",
            "balance": "0x00",
            "code": "0x60ff60005260206000a060fa60206000a160fb60fa60206000a260fc60fb60fa60206000a360fd60fc60fb60fa60206000a400000000000000000000000000000000000000000000000000000000000000000000",
            "storage": {
              "0x01": "0x01"
            }
          },
          "0x2ADC25665018Aa1FE0E6BC666DaC8Fc2697fF9bA": {
            "shouldnotexist": "1"
          },
          "0xeC0e71Ad0a90FFe1909d27DAc207F7680AbbA42D": {
            "shouldnotexist": "1"
          },
          "0x00000000000000000000000000000000000c0dE1": {
            "nonce": "0x01",
            "balance": "0x00",
            "code": "0x6000808055600190f3000000000000000000000000000000000000000000000000000000000000000000",
            "storage": {}
          },
          "0x00000000000000000000000000000000000C0DEa": {
            "nonce": "0x01",
            "balance": "0x00",
            "code": "0x600060015500000000000000000000000000000000000000000000000000000000000000000000",
            "storage": {
              "0x01": "0x01"
            }
          },
          "0x00000000000000000000000000000000000c0DEd": {
            "nonce": "0x01",
            "balance": "0x00",
            "code": "0x32ff000000000000000000000000000000000000000000000000000000000000000000",
            "storage": {
              "0x01": "0x01"
            }
          }
        }
      },
      {
        "indexes": {
          "data": 2,
          "gas": 0,
          "value": 0
        },
        "network": [
          ">=Cancun"
        ],
        "expectException": null,
        "result": {
          "0x00000000000000000000000000000000000C0DEa": {
            "nonce": "0x01",
            "balance": "0x00",
            "code": "0x600060015500000000000000000000000000000000000000000000000000000000000000000000",
            "storage": {
              "0x01": "0x01"
            }
          },
          "0xeC0e71Ad0a90FFe1909d27DAc207F7680AbbA42D": {
            "shouldnotexist": "1"
          },
          "0x00000000000000000000000000000000000c0DEd": {
            "nonce": "0x01",
            "balance": "0x00",
            "code": "0x32ff000000000000000000000000000000000000000000000000000000000000000000",
            "storage": {
              "0x01": "0x01"
            }
          },
          "0xa94f5374Fce5edBC8E2a8697C15331677e6EbF0B": {
            "nonce": "0x02",
            "balance": "0x00",
            "storage": {}
          },
          "0x2ADC25665018Aa1FE0E6BC666DaC8Fc2697fF9bA": {
            "shouldnotexist": "1"
          },
          "0x00000000000000000000000000000000000c0De0": {
            "nonce": "0x01",
            "balance": "0x00",
            "code": "0x60ff60005260206000a060fa60206000a160fb60fa60206000a260fc60fb60fa60206000a360fd60fc60fb60fa60206000a400000000000000000000000000000000000000000000000000000000000000000000",
            "storage": {
              "0x01": "0x01"
            }
          },
          "0x00000000000000000000000000000000000c0dE1": {
            "nonce": "0x01",
            "balance": "0x00",
            "code": "0x6000808055600190f3000000000000000000000000000000000000000000000000000000000000000000",
            "storage": {}
          }
        }
      },
      {
        "indexes": {
          "data": 4,
          "gas": 0,
          "value": 0
        },
        "network": [
          ">=Cancun"
        ],
        "expectException": null,
        "result": {
          "0x00000000000000000000000000000000000c0De0": {
            "nonce": "0x01",
            "balance": "0x00",
            "code": "0x60ff60005260206000a060fa60206000a160fb60fa60206000a260fc60fb60fa60206000a360fd60fc60fb60fa60206000a400000000000000000000000000000000000000000000000000000000000000000000",
            "storage": {
              "0x01": "0x01"
            }
          },
          "0x00000000000000000000000000000000000c0DEd": {
            "nonce": "0x01",
            "balance": "0x00",
            "code": "0x32ff000000000000000000000000000000000000000000000000000000000000000000",
            "storage": {
              "0x01": "0x01"
            }
          },
          "0x00000000000000000000000000000000000C0DEa": {
            "nonce": "0x01",
            "balance": "0x00",
            "code": "0x600060015500000000000000000000000000000000000000000000000000000000000000000000",
            "storage": {
              "0x01": "0x01"
            }
          },
          "0x2ADC25665018Aa1FE0E6BC666DaC8Fc2697fF9bA": {
            "shouldnotexist": "1"
          },
          "0x00000000000000000000000000000000000c0dE1": {
            "nonce": "0x01",
            "balance": "0x00",
            "code": "0x6000808055600190f3000000000000000000000000000000000000000000000000000000000000000000",
            "storage": {}
          },
          "0xeC0e71Ad0a90FFe1909d27DAc207F7680AbbA42D": {
            "shouldnotexist": "1"
          },
          "0xa94f5374Fce5edBC8E2a8697C15331677e6EbF0B": {
            "nonce": "0x02",
            "balance": "0x00",
            "storage": {}
          }
        }
      },
      {
        "indexes": {
          "data": 5,
          "gas": 0,
          "value": 0
        },
        "network": [
          ">=Cancun"
        ],
        "expectException": null,
        "result": {
          "0x00000000000000000000000000000000000c0De0": {
            "nonce": "0x01",
            "balance": "0x00",
            "code": "0x60ff60005260206000a060fa60206000a160fb60fa60206000a260fc60fb60fa60206000a360fd60fc60fb60fa60206000a400000000000000000000000000000000000000000000000000000000000000000000",
            "storage": {
              "0x01": "0x01"
            }
          },
          "0x00000000000000000000000000000000000c0DEd": {
            "nonce": "0x01",
            "balance": "0x00",
            "code": "0x32ff000000000000000000000000000000000000000000000000000000000000000000",
            "storage": {
              "0x01": "0x01"
            }
          },
          "0xa94f5374Fce5edBC8E2a8697C15331677e6EbF0B": {
            "nonce": "0x02",
            "balance": "0x00",
            "storage": {}
          },
          "0x2ADC25665018Aa1FE0E6BC666DaC8Fc2697fF9bA": {
            "shouldnotexist": "1"
          },
          "0xeC0e71Ad0a90FFe1909d27DAc207F7680AbbA42D": {
            "shouldnotexist": "1"
          },
          "0x00000000000000000000000000000000000C0DEa": {
            "nonce": "0x01",
            "balance": "0x00",
            "code": "0x600060015500000000000000000000000000000000000000000000000000000000000000000000",
            "storage": {
              "0x01": "0x01"
            }
          },
          "0x00000000000000000000000000000000000c0dE1": {
            "nonce": "0x01",
            "balance": "0x00",
            "code": "0x6000808055600190f3000000000000000000000000000000000000000000000000000000000000000000",
            "storage": {}
          }
        }
      },
      {
        "indexes": {
          "data": 7,
          "gas": 0,
          "value": 0
        },
        "network": [
          ">=Cancun"
        ],
        "expectException": null,
        "result": {
          "0xeC0e71Ad0a90FFe1909d27DAc207F7680AbbA42D": {
            "shouldnotexist": "1"
          },
          "0xa94f5374Fce5edBC8E2a8697C15331677e6EbF0B": {
            "nonce": "0x02",
            "balance": "0x00",
            "storage": {}
          },
          "0x00000000000000000000000000000000000c0DEd": {
            "nonce": "0x01",
            "balance": "0x00",
            "code": "0x32ff000000000000000000000000000000000000000000000000000000000000000000",
            "storage": {
              "0x01": "0x01"
            }
          },
          "0x00000000000000000000000000000000000C0DEa": {
            "nonce": "0x01",
            "balance": "0x00",
            "code": "0x600060015500000000000000000000000000000000000000000000000000000000000000000000",
            "storage": {
              "0x01": "0x01"
            }
          },
          "0x00000000000000000000000000000000000c0De0": {
            "nonce": "0x01",
            "balance": "0x00",
            "code": "0x60ff60005260206000a060fa60206000a160fb60fa60206000a260fc60fb60fa60206000a360fd60fc60fb60fa60206000a400000000000000000000000000000000000000000000000000000000000000000000",
            "storage": {
              "0x01": "0x01"
            }
          },
          "0x00000000000000000000000000000000000c0dE1": {
            "nonce": "0x01",
            "balance": "0x00",
            "code": "0x6000808055600190f3000000000000000000000000000000000000000000000000000000000000000000",
            "storage": {}
          },
          "0x2ADC25665018Aa1FE0E6BC666DaC8Fc2697fF9bA": {
            "shouldnotexist": "1"
          }
        }
      },
      {
        "indexes": {
          "data": 8,
          "gas": 0,
          "value": 0
        },
        "network": [
          ">=Cancun"
        ],
        "expectException": null,
        "result": {
          "0x2ADC25665018Aa1FE0E6BC666DaC8Fc2697fF9bA": {
            "shouldnotexist": "1"
          },
          "0x00000000000000000000000000000000000c0dE1": {
            "nonce": "0x01",
            "balance": "0x00",
            "code": "0x6000808055600190f3000000000000000000000000000000000000000000000000000000000000000000",
            "storage": {}
          },
          "0xa94f5374Fce5edBC8E2a8697C15331677e6EbF0B": {
            "nonce": "0x02",
            "balance": "0x00",
            "storage": {}
          },
          "0x00000000000000000000000000000000000c0De0": {
            "nonce": "0x01",
            "balance": "0x00",
            "code": "0x60ff60005260206000a060fa60206000a160fb60fa60206000a260fc60fb60fa60206000a360fd60fc60fb60fa60206000a400000000000000000000000000000000000000000000000000000000000000000000",
            "storage": {
              "0x01": "0x01"
            }
          },
          "0x00000000000000000000000000000000000c0DEd": {
            "nonce": "0x01",
            "balance": "0x00",
            "code": "0x32ff000000000000000000000000000000000000000000000000000000000000000000",
            "storage": {
              "0x01": "0x01"
            }
          },
          "0xeC0e71Ad0a90FFe1909d27DAc207F7680AbbA42D": {
            "shouldnotexist": "1"
          },
          "0x00000000000000000000000000000000000C0DEa": {
            "nonce": "0x01",
            "balance": "0x00",
            "code": "0x600060015500000000000000000000000000000000000000000000000000000000000000000000",
            "storage": {
              "0x01": "0x01"
            }
          }
        }
      },
      {
        "indexes": {
          "data": 10,
          "gas": 0,
          "value": 0
        },
        "network": [
          ">=Cancun"
        ],
        "expectException": null,
        "result": {
          "0x00000000000000000000000000000000000C0DEa": {
            "nonce": "0x01",
            "balance": "0x00",
            "code": "0x600060015500000000000000000000000000000000000000000000000000000000000000000000",
            "storage": {
              "0x01": "0x01"
            }
          },
          "0x00000000000000000000000000000000000c0De0": {
            "nonce": "0x01",
            "balance": "0x00",
            "code": "0x60ff60005260206000a060fa60206000a160fb60fa60206000a260fc60fb60fa60206000a360fd60fc60fb60fa60206000a400000000000000000000000000000000000000000000000000000000000000000000",
            "storage": {
              "0x01": "0x01"
            }
          },
          "0x00000000000000000000000000000000000c0DEd": {
            "nonce": "0x01",
            "balance": "0x00",
            "code": "0x32ff000000000000000000000000000000000000000000000000000000000000000000",
            "storage": {
              "0x01": "0x01"
            }
          },
          "0x00000000000000000000000000000000000c0dE1": {
            "nonce": "0x01",
            "balance": "0x00",
            "code": "0x6000808055600190f3000000000000000000000000000000000000000000000000000000000000000000",
            "storage": {}
          },
          "0xa94f5374Fce5edBC8E2a8697C15331677e6EbF0B": {
            "nonce": "0x02",
            "balance": "0x00",
            "storage": {}
          },
          "0xeC0e71Ad0a90FFe1909d27DAc207F7680AbbA42D": {
            "shouldnotexist": "1"
          },
          "0x2ADC25665018Aa1FE0E6BC666DaC8Fc2697fF9bA": {
            "shouldnotexist": "1"
          }
        }
      },
      {
        "indexes": {
          "data": 11,
          "gas": 0,
          "value": 0
        },
        "network": [
          ">=Cancun"
        ],
        "expectException": null,
        "result": {
          "0x00000000000000000000000000000000000C0DEa": {
            "nonce": "0x01",
            "balance": "0x00",
            "code": "0x600060015500000000000000000000000000000000000000000000000000000000000000000000",
            "storage": {
              "0x01": "0x01"
            }
          },
          "0xeC0e71Ad0a90FFe1909d27DAc207F7680AbbA42D": {
            "shouldnotexist": "1"
          },
          "0x00000000000000000000000000000000000c0DEd": {
            "nonce": "0x01",
            "balance": "0x00",
            "code": "0x32ff000000000000000000000000000000000000000000000000000000000000000000",
            "storage": {
              "0x01": "0x01"
            }
          },
          "0x2ADC25665018Aa1FE0E6BC666DaC8Fc2697fF9bA": {
            "shouldnotexist": "1"
          },
          "0xa94f5374Fce5edBC8E2a8697C15331677e6EbF0B": {
            "nonce": "0x02",
            "balance": "0x00",
            "storage": {}
          },
          "0x00000000000000000000000000000000000c0dE1": {
            "nonce": "0x01",
            "balance": "0x00",
            "code": "0x6000808055600190f3000000000000000000000000000000000000000000000000000000000000000000",
            "storage": {}
          },
          "0x00000000000000000000000000000000000c0De0": {
            "nonce": "0x01",
            "balance": "0x00",
            "code": "0x60ff60005260206000a060fa60206000a160fb60fa60206000a260fc60fb60fa60206000a360fd60fc60fb60fa60206000a400000000000000000000000000000000000000000000000000000000000000000000",
            "storage": {
              "0x01": "0x01"
            }
          }
        }
      },
      {
        "indexes": {
          "data": 12,
          "gas": 0,
          "value": 0
        },
        "network": [
          ">=Cancun"
        ],
        "expectException": null,
        "result": {
          "0xa94f5374Fce5edBC8E2a8697C15331677e6EbF0B": {
            "nonce": "0x02",
            "balance": "0x3054da",
            "storage": {}
          },
          "0x2ADC25665018Aa1FE0E6BC666DaC8Fc2697fF9bA": {
            "shouldnotexist": "1"
          },
          "0x00000000000000000000000000000000000C0DEa": {
            "nonce": "0x01",
            "balance": "0x00",
            "code": "0x600060015500000000000000000000000000000000000000000000000000000000000000000000",
            "storage": {
              "0x01": "0x01"
            }
          },
          "0x00000000000000000000000000000000000c0De0": {
            "nonce": "0x01",
            "balance": "0x00",
            "code": "0x60ff60005260206000a060fa60206000a160fb60fa60206000a260fc60fb60fa60206000a360fd60fc60fb60fa60206000a400000000000000000000000000000000000000000000000000000000000000000000",
            "storage": {
              "0x01": "0x01"
            }
          },
          "0x00000000000000000000000000000000000c0DEd": {
            "nonce": "0x01",
            "balance": "0x00",
            "code": "0x32ff000000000000000000000000000000000000000000000000000000000000000000",
            "storage": {
              "0x01": "0x01"
            }
          },
          "0x00000000000000000000000000000000000c0dE1": {
            "nonce": "0x01",
            "balance": "0x00",
            "code": "0x6000808055600190f3000000000000000000000000000000000000000000000000000000000000000000",
            "storage": {}
          }
        }
      },
      {
        "indexes": {
          "data": 13,
          "gas": 0,
          "value": 0
        },
        "network": [
          ">=Cancun"
        ],
        "expectException": null,
        "result": {
          "0xa94f5374Fce5edBC8E2a8697C15331677e6EbF0B": {
            "nonce": "0x02",
            "balance": "0x00",
            "storage": {}
          },
          "0x00000000000000000000000000000000000C0DEa": {
            "nonce": "0x01",
            "balance": "0x00",
            "code": "0x600060015500000000000000000000000000000000000000000000000000000000000000000000",
            "storage": {
              "0x01": "0x01"
            }
          },
          "0x00000000000000000000000000000000000c0DEd": {
            "nonce": "0x01",
            "balance": "0x00",
            "code": "0x32ff000000000000000000000000000000000000000000000000000000000000000000",
            "storage": {
              "0x01": "0x01"
            }
          },
          "0x00000000000000000000000000000000000c0dE1": {
            "nonce": "0x01",
            "balance": "0x00",
            "code": "0x6000808055600190f3000000000000000000000000000000000000000000000000000000000000000000",
            "storage": {}
          },
          "0x00000000000000000000000000000000000c0De0": {
            "nonce": "0x01",
            "balance": "0x00",
            "code": "0x60ff60005260206000a060fa60206000a160fb60fa60206000a260fc60fb60fa60206000a360fd60fc60fb60fa60206000a400000000000000000000000000000000000000000000000000000000000000000000",
            "storage": {
              "0x01": "0x01"
            }
          },
          "0xeC0e71Ad0a90FFe1909d27DAc207F7680AbbA42D": {
            "shouldnotexist": "1"
          },
          "0x2ADC25665018Aa1FE0E6BC666DaC8Fc2697fF9bA": {
            "shouldnotexist": "1"
          }
        }
      },
      {
        "indexes": {
          "data": 14,
          "gas": 0,
          "value": 0
        },
        "network": [
          ">=Cancun"
        ],
        "expectException": null,
        "result": {
          "0xa94f5374Fce5edBC8E2a8697C15331677e6EbF0B": {
            "nonce": "0x02",
            "balance": "0x00",
            "storage": {}
          },
          "0xeC0e71Ad0a90FFe1909d27DAc207F7680AbbA42D": {
            "shouldnotexist": "1"
          },
          "0x2ADC25665018Aa1FE0E6BC666DaC8Fc2697fF9bA": {
            "shouldnotexist": "1"
          },
          "0x00000000000000000000000000000000000c0dE1": {
            "nonce": "0x01",
            "balance": "0x00",
            "code": "0x6000808055600190f3000000000000000000000000000000000000000000000000000000000000000000",
            "storage": {}
          },
          "0x00000000000000000000000000000000000c0De0": {
            "nonce": "0x01",
            "balance": "0x00",
            "code": "0x60ff60005260206000a060fa60206000a160fb60fa60206000a260fc60fb60fa60206000a360fd60fc60fb60fa60206000a400000000000000000000000000000000000000000000000000000000000000000000",
            "storage": {
              "0x01": "0x01"
            }
          },
          "0x00000000000000000000000000000000000C0DEa": {
            "nonce": "0x01",
            "balance": "0x00",
            "code": "0x600060015500000000000000000000000000000000000000000000000000000000000000000000",
            "storage": {
              "0x01": "0x01"
            }
          },
          "0x00000000000000000000000000000000000c0DEd": {
            "nonce": "0x01",
            "balance": "0x00",
            "code": "0x32ff000000000000000000000000000000000000000000000000000000000000000000",
            "storage": {
              "0x01": "0x01"
            }
          }
        }
      },
      {
        "indexes": {
          "data": 15,
          "gas": 0,
          "value": 0
        },
        "network": [
          ">=Cancun"
        ],
        "expectException": null,
        "result": {
          "0x00000000000000000000000000000000000c0dE1": {
            "nonce": "0x01",
            "balance": "0x00",
            "code": "0x6000808055600190f3000000000000000000000000000000000000000000000000000000000000000000",
            "storage": {}
          },
          "0xa94f5374Fce5edBC8E2a8697C15331677e6EbF0B": {
            "nonce": "0x02",
            "balance": "0x3007b4",
            "storage": {}
          },
          "0x2ADC25665018Aa1FE0E6BC666DaC8Fc2697fF9bA": {
            "shouldnotexist": "1"
          },
          "0x00000000000000000000000000000000000c0DEd": {
            "nonce": "0x01",
            "balance": "0x00",
            "code": "0x32ff000000000000000000000000000000000000000000000000000000000000000000",
            "storage": {
              "0x01": "0x01"
            }
          },
          "0x00000000000000000000000000000000000C0DEa": {
            "nonce": "0x01",
            "balance": "0x00",
            "code": "0x600060015500000000000000000000000000000000000000000000000000000000000000000000",
            "storage": {
              "0x01": "0x01"
            }
          },
          "0x00000000000000000000000000000000000c0De0": {
            "nonce": "0x01",
            "balance": "0x00",
            "code": "0x60ff60005260206000a060fa60206000a160fb60fa60206000a260fc60fb60fa60206000a360fd60fc60fb60fa60206000a400000000000000000000000000000000000000000000000000000000000000000000",
            "storage": {
              "0x01": "0x01"
            }
          }
        }
      },
      {
        "indexes": {
          "data": 16,
          "gas": 0,
          "value": 0
        },
        "network": [
          ">=Cancun"
        ],
        "expectException": null,
        "result": {
          "0x2ADC25665018Aa1FE0E6BC666DaC8Fc2697fF9bA": {
            "shouldnotexist": "1"
          },
          "0x00000000000000000000000000000000000c0DEd": {
            "nonce": "0x01",
            "balance": "0x00",
            "code": "0x32ff000000000000000000000000000000000000000000000000000000000000000000",
            "storage": {
              "0x01": "0x01"
            }
          },
          "0x00000000000000000000000000000000000C0DEa": {
            "nonce": "0x01",
            "balance": "0x00",
            "code": "0x600060015500000000000000000000000000000000000000000000000000000000000000000000",
            "storage": {
              "0x01": "0x01"
            }
          },
          "0x00000000000000000000000000000000000c0De0": {
            "nonce": "0x01",
            "balance": "0x00",
            "code": "0x60ff60005260206000a060fa60206000a160fb60fa60206000a260fc60fb60fa60206000a360fd60fc60fb60fa60206000a400000000000000000000000000000000000000000000000000000000000000000000",
            "storage": {
              "0x01": "0x01"
            }
          },
          "0xeC0e71Ad0a90FFe1909d27DAc207F7680AbbA42D": {
            "shouldnotexist": "1"
          },
          "0xa94f5374Fce5edBC8E2a8697C15331677e6EbF0B": {
            "nonce": "0x02",
            "balance": "0x00",
            "storage": {}
          },
          "0x00000000000000000000000000000000000c0dE1": {
            "nonce": "0x01",
            "balance": "0x00",
            "code": "0x6000808055600190f3000000000000000000000000000000000000000000000000000000000000000000",
            "storage": {}
          }
        }
      },
      {
        "indexes": {
          "data": 17,
          "gas": 0,
          "value": 0
        },
        "network": [
          ">=Cancun"
        ],
        "expectException": null,
        "result": {
          "0x00000000000000000000000000000000000C0DEa": {
            "nonce": "0x01",
            "balance": "0x00",
            "code": "0x600060015500000000000000000000000000000000000000000000000000000000000000000000",
            "storage": {
              "0x01": "0x01"
            }
          },
          "0x00000000000000000000000000000000000c0De0": {
            "nonce": "0x01",
            "balance": "0x00",
            "code": "0x60ff60005260206000a060fa60206000a160fb60fa60206000a260fc60fb60fa60206000a360fd60fc60fb60fa60206000a400000000000000000000000000000000000000000000000000000000000000000000",
            "storage": {
              "0x01": "0x01"
            }
          },
          "0xeC0e71Ad0a90FFe1909d27DAc207F7680AbbA42D": {
            "shouldnotexist": "1"
          },
          "0xa94f5374Fce5edBC8E2a8697C15331677e6EbF0B": {
            "nonce": "0x02",
            "balance": "0x00",
            "storage": {}
          },
          "0x00000000000000000000000000000000000c0DEd": {
            "nonce": "0x01",
            "balance": "0x00",
            "code": "0x32ff000000000000000000000000000000000000000000000000000000000000000000",
            "storage": {
              "0x01": "0x01"
            }
          },
          "0x00000000000000000000000000000000000c0dE1": {
            "nonce": "0x01",
            "balance": "0x00",
            "code": "0x6000808055600190f3000000000000000000000000000000000000000000000000000000000000000000",
            "storage": {}
          },
          "0x2ADC25665018Aa1FE0E6BC666DaC8Fc2697fF9bA": {
            "shouldnotexist": "1"
          }
        }
      },
      {
        "indexes": {
          "data": 18,
          "gas": 0,
          "value": 0
        },
        "network": [
          ">=Cancun"
        ],
        "expectException": null,
        "result": {
          "0x00000000000000000000000000000000000c0DEd": {
            "nonce": "0x01",
            "balance": "0x00",
            "code": "0x32ff000000000000000000000000000000000000000000000000000000000000000000",
            "storage": {
              "0x01": "0x01"
            }
          },
          "0xa94f5374Fce5edBC8E2a8697C15331677e6EbF0B": {
            "nonce": "0x02",
            "balance": "0x2b75fa",
            "storage": {}
          },
          "0x00000000000000000000000000000000000c0De0": {
            "nonce": "0x01",
            "balance": "0x00",
            "code": "0x60ff60005260206000a060fa60206000a160fb60fa60206000a260fc60fb60fa60206000a360fd60fc60fb60fa60206000a400000000000000000000000000000000000000000000000000000000000000000000",
            "storage": {
              "0x01": "0x01"
            }
          },
          "0x00000000000000000000000000000000000c0dE1": {
            "nonce": "0x01",
            "balance": "0x00",
            "code": "0x6000808055600190f3000000000000000000000000000000000000000000000000000000000000000000",
            "storage": {}
          },
          "0x2ADC25665018Aa1FE0E6BC666DaC8Fc2697fF9bA": {
            "shouldnotexist": "1"
          },
          "0x00000000000000000000000000000000000C0DEa": {
            "nonce": "0x01",
            "balance": "0x00",
            "code": "0x600060015500000000000000000000000000000000000000000000000000000000000000000000",
            "storage": {
              "0x01": "0x01"
            }
          }
        }
      },
      {
        "indexes": {
          "data": 19,
          "gas": 0,
          "value": 0
        },
        "network": [
          ">=Cancun"
        ],
        "expectException": null,
        "result": {
          "0x00000000000000000000000000000000000c0dE1": {
            "nonce": "0x01",
            "balance": "0x00",
            "code": "0x6000808055600190f3000000000000000000000000000000000000000000000000000000000000000000",
            "storage": {}
          },
          "0x2ADC25665018Aa1FE0E6BC666DaC8Fc2697fF9bA": {
            "shouldnotexist": "1"
          },
          "0xeC0e71Ad0a90FFe1909d27DAc207F7680AbbA42D": {
            "shouldnotexist": "1"
          },
          "0x00000000000000000000000000000000000c0De0": {
            "nonce": "0x01",
            "balance": "0x00",
            "code": "0x60ff60005260206000a060fa60206000a160fb60fa60206000a260fc60fb60fa60206000a360fd60fc60fb60fa60206000a400000000000000000000000000000000000000000000000000000000000000000000",
            "storage": {
              "0x01": "0x01"
            }
          },
          "0xE3476106159f87477ad639E3ddCBB6B240eFe459": {
            "shouldnotexist": "1"
          },
          "0xa94f5374Fce5edBC8E2a8697C15331677e6EbF0B": {
            "nonce": "0x02",
            "balance": "0x00",
            "storage": {}
          },
          "0x00000000000000000000000000000000000C0DEa": {
            "nonce": "0x01",
            "balance": "0x00",
            "code": "0x600060015500000000000000000000000000000000000000000000000000000000000000000000",
            "storage": {
              "0x01": "0x01"
            }
          },
          "0x00000000000000000000000000000000000c0DEd": {
            "nonce": "0x01",
            "balance": "0x00",
            "code": "0x32ff000000000000000000000000000000000000000000000000000000000000000000",
            "storage": {
              "0x01": "0x01"
            }
          }
        }
      },
      {
        "indexes": {
          "data": 20,
          "gas": 0,
          "value": 0
        },
        "network": [
          ">=Cancun"
        ],
        "expectException": null,
        "result": {
          "0x00000000000000000000000000000000000c0dE1": {
            "nonce": "0x01",
            "balance": "0x00",
            "code": "0x6000808055600190f3000000000000000000000000000000000000000000000000000000000000000000",
            "storage": {}
          },
          "0x00000000000000000000000000000000000c0De0": {
            "nonce": "0x01",
            "balance": "0x00",
            "code": "0x60ff60005260206000a060fa60206000a160fb60fa60206000a260fc60fb60fa60206000a360fd60fc60fb60fa60206000a400000000000000000000000000000000000000000000000000000000000000000000",
            "storage": {
              "0x01": "0x01"
            }
          },
          "0x00000000000000000000000000000000000C0DEa": {
            "nonce": "0x01",
            "balance": "0x00",
            "code": "0x600060015500000000000000000000000000000000000000000000000000000000000000000000",
            "storage": {
              "0x01": "0x01"
            }
          },
          "0xeC0e71Ad0a90FFe1909d27DAc207F7680AbbA42D": {
            "shouldnotexist": "1"
          },
          "0x00000000000000000000000000000000000c0DEd": {
            "nonce": "0x01",
            "balance": "0x00",
            "code": "0x32ff000000000000000000000000000000000000000000000000000000000000000000",
            "storage": {
              "0x01": "0x01"
            }
          },
          "0xa94f5374Fce5edBC8E2a8697C15331677e6EbF0B": {
            "nonce": "0x02",
            "balance": "0x00",
            "storage": {}
          },
          "0x2ADC25665018Aa1FE0E6BC666DaC8Fc2697fF9bA": {
            "shouldnotexist": "1"
          },
          "0xE3476106159f87477ad639E3ddCBB6B240eFe459": {
            "shouldnotexist": "1"
          }
        }
      },
      {
        "indexes": {
          "data": 21,
          "gas": 0,
          "value": 0
        },
        "network": [
          ">=Cancun"
        ],
        "expectException": null,
        "result": {
          "0xa94f5374Fce5edBC8E2a8697C15331677e6EbF0B": {
            "nonce": "0x02",
            "balance": "0x2bd536",
            "storage": {}
          },
          "0x00000000000000000000000000000000000c0De0": {
            "nonce": "0x01",
            "balance": "0x00",
            "code": "0x60ff60005260206000a060fa60206000a160fb60fa60206000a260fc60fb60fa60206000a360fd60fc60fb60fa60206000a400000000000000000000000000000000000000000000000000000000000000000000",
            "storage": {
              "0x01": "0x01"
            }
          },
          "0x2ADC25665018Aa1FE0E6BC666DaC8Fc2697fF9bA": {
            "shouldnotexist": "1"
          },
          "0x00000000000000000000000000000000000C0DEa": {
            "nonce": "0x01",
            "balance": "0x00",
            "code": "0x600060015500000000000000000000000000000000000000000000000000000000000000000000",
            "storage": {
              "0x01": "0x01"
            }
          },
          "0x00000000000000000000000000000000000c0dE1": {
            "nonce": "0x01",
            "balance": "0x00",
            "code": "0x6000808055600190f3000000000000000000000000000000000000000000000000000000000000000000",
            "storage": {}
          },
          "0x00000000000000000000000000000000000c0DEd": {
            "nonce": "0x01",
            "balance": "0x00",
            "code": "0x32ff000000000000000000000000000000000000000000000000000000000000000000",
            "storage": {
              "0x01": "0x01"
            }
          }
        }
      },
      {
        "indexes": {
          "data": 22,
          "gas": 0,
          "value": 0
        },
        "network": [
          ">=Cancun"
        ],
        "expectException": null,
        "result": {
          "0xa94f5374Fce5edBC8E2a8697C15331677e6EbF0B": {
            "nonce": "0x02",
            "balance": "0x00",
            "storage": {}
          },
          "0x00000000000000000000000000000000000C0DEa": {
            "nonce": "0x01",
            "balance": "0x00",
            "code": "0x600060015500000000000000000000000000000000000000000000000000000000000000000000",
            "storage": {
              "0x01": "0x01"
            }
          },
          "0x00000000000000000000000000000000000c0De0": {
            "nonce": "0x01",
            "balance": "0x00",
            "code": "0x60ff60005260206000a060fa60206000a160fb60fa60206000a260fc60fb60fa60206000a360fd60fc60fb60fa60206000a400000000000000000000000000000000000000000000000000000000000000000000",
            "storage": {
              "0x01": "0x01"
            }
          },
          "0xeC0e71Ad0a90FFe1909d27DAc207F7680AbbA42D": {
            "shouldnotexist": "1"
          },
          "0xA477fEf3Cd28aBE6eA6bc3b933156f1Bca4328c7": {
            "shouldnotexist": "1"
          },
          "0x00000000000000000000000000000000000c0DEd": {
            "nonce": "0x01",
            "balance": "0x00",
            "code": "0x32ff000000000000000000000000000000000000000000000000000000000000000000",
            "storage": {
              "0x01": "0x01"
            }
          },
          "0x2ADC25665018Aa1FE0E6BC666DaC8Fc2697fF9bA": {
            "shouldnotexist": "1"
          },
          "0x00000000000000000000000000000000000c0dE1": {
            "nonce": "0x01",
            "balance": "0x00",
            "code": "0x6000808055600190f3000000000000000000000000000000000000000000000000000000000000000000",
            "storage": {}
          }
        }
      },
      {
        "indexes": {
          "data": 23,
          "gas": 0,
          "value": 0
        },
        "network": [
          ">=Cancun"
        ],
        "expectException": null,
        "result": {
          "0x00000000000000000000000000000000000C0DEa": {
            "nonce": "0x01",
            "balance": "0x00",
            "code": "0x600060015500000000000000000000000000000000000000000000000000000000000000000000",
            "storage": {
              "0x01": "0x01"
            }
          },
          "0x00000000000000000000000000000000000c0DEd": {
            "nonce": "0x01",
            "balance": "0x00",
            "code": "0x32ff000000000000000000000000000000000000000000000000000000000000000000",
            "storage": {
              "0x01": "0x01"
            }
          },
          "0xeC0e71Ad0a90FFe1909d27DAc207F7680AbbA42D": {
            "shouldnotexist": "1"
          },
          "0xa94f5374Fce5edBC8E2a8697C15331677e6EbF0B": {
            "nonce": "0x02",
            "balance": "0x00",
            "storage": {}
          },
          "0x00000000000000000000000000000000000c0De0": {
            "nonce": "0x01",
            "balance": "0x00",
            "code": "0x60ff60005260206000a060fa60206000a160fb60fa60206000a260fc60fb60fa60206000a360fd60fc60fb60fa60206000a400000000000000000000000000000000000000000000000000000000000000000000",
            "storage": {
              "0x01": "0x01"
            }
          },
          "0x2ADC25665018Aa1FE0E6BC666DaC8Fc2697fF9bA": {
            "shouldnotexist": "1"
          },
          "0x00000000000000000000000000000000000c0dE1": {
            "nonce": "0x01",
            "balance": "0x00",
            "code": "0x6000808055600190f3000000000000000000000000000000000000000000000000000000000000000000",
            "storage": {}
          },
          "0xA477fEf3Cd28aBE6eA6bc3b933156f1Bca4328c7": {
            "shouldnotexist": "1"
          }
        }
      }
    ]
  }
}