{
  "testName": "tests/GeneralStateTests/stCreateTest/CREATE_ContractSuicideDuringInit.json",
  "CREATE_ContractSuicideDuringInit": {
    "expect": [
      {
        "indexes": {
          "data": 0,
          "gas": 0,
          "value": 0
        },
        "network": [
          ">=Shanghai"
        ],
        "expectException": null,
        "result": {
          "0x2ADC25665018Aa1FE0E6BC666DaC8Fc2697fF9bA": {
            "shouldnotexist": "1"
          },
          "0xc94f5374fCe5eDBc8e2a8697C15331677E6EBF0B": {
            "nonce": "0x00",
            "balance": "0x00",
            "code": "0x600c60015500000000000000000000000000000000000000000000000000000000000000000000",
            "storage": {
              "0x01": "0x0c"
            }
          },
          "0x6295eE1B4F6dD65047762F924Ecd367c17eaBf8f": {
            "shouldnotexist": "1"
          }
        }
      },
      {
        "indexes": {
          "data": 0,
          "gas": 0,
          "value": 0
        },
        "network": [
          ">=Cancun"
        ],
        "expectException": null,
        "result": {
          "0x6295eE1B4F6dD65047762F924Ecd367c17eaBf8f": {
            "shouldnotexist": "1"
          },
          "0xc94f5374fCe5eDBc8e2a8697C15331677E6EBF0B": {
            "nonce": "0x00",
            "balance": "0x00",
            "code": "0x600c60015500000000000000000000000000000000000000000000000000000000000000000000",
            "storage": {
              "0x01": "0x0c"
            }
          },
          "0x2ADC25665018Aa1FE0E6BC666DaC8Fc2697fF9bA": {
            "shouldnotexist": "1"
          }
        }
      }
    ]
  }
}