{
  "testName": "tests/GeneralStateTests/stCreate2/create2noCash.json",
  "create2noCash": {
    "expect": [
      {
        "indexes": {
          "data": 0,
          "gas": 0,
          "value": 0
        },
        "network": [
          ">=Shanghai"
        ],
        "expectException": null,
        "result": {
          "0x2ADC25665018Aa1FE0E6BC666DaC8Fc2697fF9bA": {
            "shouldnotexist": "1"
          },
          "0xE2B35478FDd26477CC576Dd906e6277761246A3c": {
            "nonce": "0x00",
            "balance": "0x64",
            "code": "0x6000600060006065f500000000000000000000000000000000000000000000000000000000000000000000",
            "storage": {}
          }
        }
      },
      {
        "indexes": {
          "data": 2,
          "gas": 0,
          "value": 0
        },
        "network": [
          ">=Shanghai"
        ],
        "expectException": null,
        "result": {
          "0xE2B35478FDd26477CC576Dd906e6277761246A3c": {
            "nonce": "0x00",
            "balance": "0x64",
            "code": "0x6000600060006065f500000000000000000000000000000000000000000000000000000000000000000000",
            "storage": {}
          },
          "0x2ADC25665018Aa1FE0E6BC666DaC8Fc2697fF9bA": {
            "shouldnotexist": "1"
          }
        }
      },
      {
        "indexes": {
          "data": 1,
          "gas": 0,
          "value": 0
        },
        "network": [
          ">=Shanghai"
        ],
        "expectException": null,
        "result": {
          "0x2ADC25665018Aa1FE0E6BC666DaC8Fc2697fF9bA": {
            "shouldnotexist": "1"
          },
          "0xE2B35478FDd26477CC576Dd906e6277761246A3c": {
            "nonce": "0x01",
            "balance": "0x00",
            "code": "0x6000600060006065f500000000000000000000000000000000000000000000000000000000000000000000",
            "storage": {}
          }
        }
      },
      {
        "indexes": {
          "data": 0,
          "gas": 0,
          "value": 0
        },
        "network": [
          ">=Cancun"
        ],
        "expectException": null,
        "result": {
          "0xE2B35478FDd26477CC576Dd906e6277761246A3c": {
            "nonce": "0x00",
            "balance": "0x64",
            "code": "0x6000600060006065f500000000000000000000000000000000000000000000000000000000000000000000",
            "storage": {}
          },
          "0x2ADC25665018Aa1FE0E6BC666DaC8Fc2697fF9bA": {
            "shouldnotexist": "1"
          }
        }
      },
      {
        "indexes": {
          "data": 2,
          "gas": 0,
          "value": 0
        },
        "network": [
          ">=Cancun"
        ],
        "expectException": null,
        "result": {
          "0x2ADC25665018Aa1FE0E6BC666DaC8Fc2697fF9bA": {
            "shouldnotexist": "1"
          },
          "0xE2B35478FDd26477CC576Dd906e6277761246A3c": {
            "nonce": "0x00",
            "balance": "0x64",
            "code": "0x6000600060006065f500000000000000000000000000000000000000000000000000000000000000000000",
            "storage": {}
          }
        }
      },
      {
        "indexes": {
          "data": 1,
          "gas": 0,
          "value": 0
        },
        "network": [
          ">=Cancun"
        ],
        "expectException": null,
        "result": {
          "0x2ADC25665018Aa1FE0E6BC666DaC8Fc2697fF9bA": {
            "shouldnotexist": "1"
          },
          "0xE2B35478FDd26477CC576Dd906e6277761246A3c": {
            "nonce": "0x01",
            "balance": "0x00",
            "code": "0x6000600060006065f500000000000000000000000000000000000000000000000000000000000000000000",
            "storage": {}
          }
        }
      }
    ]
  }
}