{
  "testName": "tests/GeneralStateTests/stCreate2/Create2OOGafterInitCodeReturndata3.json",
  "Create2OOGafterInitCodeReturndata3": {
    "expect": [
      {
        "indexes": {
          "data": 0,
          "gas": 0,
          "value": 0
        },
        "network": [
          ">=Shanghai"
        ],
        "expectException": null,
        "result": {
          "0xb94f5374fCe5EDbc8E2A8697c15331677E6EBf0B": {
            "nonce": "0x00",
            "balance": "0x00",
            "code": "0x6d6460016001556000526005601bf36000526000600e60126000f500000000000000000000000000000000000000000000000000000000000000000000",
            "storage": {}
          },
          "0xc94f5374fCe5eDBc8e2a8697C15331677E6EBF0B": {
            "nonce": "0x00",
            "balance": "0x00",
            "code": "0x6020600060006000600073b94f5374fce5edbc8e2a8697c15331677e6ebf0b5af2506020600060003e60005160015500000000000000000000000000000000000000000000000000000000000000000000",
            "storage": {
              "0x01": "0x01"
            }
          },
          "0x2ADC25665018Aa1FE0E6BC666DaC8Fc2697fF9bA": {
            "shouldnotexist": "1"
          }
        }
      },
      {
        "indexes": {
          "data": 0,
          "gas": 0,
          "value": 0
        },
        "network": [
          ">=Cancun"
        ],
        "expectException": null,
        "result": {
          "0xb94f5374fCe5EDbc8E2A8697c15331677E6EBf0B": {
            "nonce": "0x00",
            "balance": "0x00",
            "code": "0x6d6460016001556000526005601bf36000526000600e60126000f500000000000000000000000000000000000000000000000000000000000000000000",
            "storage": {}
          },
          "0x2ADC25665018Aa1FE0E6BC666DaC8Fc2697fF9bA": {
            "shouldnotexist": "1"
          },
          "0xc94f5374fCe5eDBc8e2a8697C15331677E6EBF0B": {
            "nonce": "0x00",
            "balance": "0x00",
            "code": "0x6020600060006000600073b94f5374fce5edbc8e2a8697c15331677e6ebf0b5af2506020600060003e60005160015500000000000000000000000000000000000000000000000000000000000000000000",
            "storage": {
              "0x01": "0x01"
            }
          }
        }
      }
    ]
  }
}