{
  "testName": "tests/GeneralStateTests/stDelegatecallTestHomestead/Call1024BalanceTooLow.json",
  "Call1024BalanceTooLow": {
    "expect": [
      {
        "indexes": {
          "data": 0,
          "gas": 0,
          "value": 0
        },
        "network": [
          ">=Shanghai"
        ],
        "expectException": null,
        "result": {
          "0xbBbF5374FCE5Edbc8e2a8697c15331677e6EBf0B": {
            "nonce": "0x00",
            "balance": "0x040a",
            "code": "0x600160005401600055600060006000600073bbbf5374fce5edbc8e2a8697c15331677e6ebf0b650ffffffffffff460015500000000000000000000000000000000000000000000000000000000000000000000",
            "storage": {
              "0x00": "0x0401",
              "0x01": "0x01"
            }
          },
          "0xAAAF5374Fce5eDBc8E2a8697C15331677E6Ebf0b": {
            "nonce": "0x00",
            "balance": "0x1b58",
            "storage": {}
          },
          "0xb94f5374fCe5EDbc8E2A8697c15331677E6EBf0B": {
            "shouldnotexist": "1"
          }
        }
      },
      {
        "indexes": {
          "data": 0,
          "gas": 0,
          "value": 0
        },
        "network": [
          ">=Cancun"
        ],
        "expectException": null,
        "result": {
          "0xb94f5374fCe5EDbc8E2A8697c15331677E6EBf0B": {
            "shouldnotexist": "1"
          },
          "0xAAAF5374Fce5eDBc8E2a8697C15331677E6Ebf0b": {
            "nonce": "0x00",
            "balance": "0x1b58",
            "storage": {}
          },
          "0xbBbF5374FCE5Edbc8e2a8697c15331677e6EBf0B": {
            "nonce": "0x00",
            "balance": "0x040a",
            "code": "0x600160005401600055600060006000600073bbbf5374fce5edbc8e2a8697c15331677e6ebf0b650ffffffffffff460015500000000000000000000000000000000000000000000000000000000000000000000",
            "storage": {
              "0x00": "0x0401",
              "0x01": "0x01"
            }
          }
        }
      }
    ]
  }
}