{
  "testName": "tests/GeneralStateTests/stEIP2930/coinbaseT01.json",
  "coinbaseT01": {
    "expect": [
      {
        "indexes": {
          "data": 2,
          "gas": 0,
          "value": 0
        },
        "network": [
          ">=Cancun"
        ],
        "expectException": null,
        "result": {
          "0x000000000000000000000000000000000000Ba5e": {
            "nonce": "0x01",
            "balance": "0x02e10f80",
            "storage": {}
          },
          "0xa94f5374Fce5edBC8E2a8697C15331677e6EbF0B": {
            "nonce": "0x02",
            "balance": "0x0de0b6b3a441ff80",
            "storage": {}
          },
          "0x000000000000000000000000000000000000Ba5A": {
            "shouldnotexist": "1"
          },
          "0x000000000000000000000000000000000000c0DE": {
            "nonce": "0x01",
            "balance": "0x0de0b6b3a754bdc0",
            "code": "0x5a6000526000808080620f424061ba5e5af1505a6020526021602051600051030360005500000000000000000000000000000000000000000000000000000000000000000000",
            "storage": {
              "0x00": "0x1a90"
            }
          }
        }
      },
      {
        "indexes": {
          "data": 0,
          "gas": 0,
          "value": 0
        },
        "network": [
          ">=Cancun"
        ],
        "expectException": null,
        "result": {
          "0x000000000000000000000000000000000000c0DE": {
            "nonce": "0x01",
            "balance": "0x0de0b6b3a754bdc0",
            "code": "0x5a6000526000808080620f424061ba5e5af1505a6020526021602051600051030360005500000000000000000000000000000000000000000000000000000000000000000000",
            "storage": {
              "0x00": "0x1a90"
            }
          },
          "0x000000000000000000000000000000000000Ba5e": {
            "nonce": "0x01",
            "balance": "0x02c01a00",
            "storage": {}
          },
          "0xa94f5374Fce5edBC8E2a8697C15331677e6EbF0B": {
            "nonce": "0x02",
            "balance": "0x0de0b6b3a4669e80",
            "storage": {}
          }
        }
      },
      {
        "indexes": {
          "data": 1,
          "gas": 0,
          "value": 0
        },
        "network": [
          ">=Cancun"
        ],
        "expectException": null,
        "result": {
          "0xa94f5374Fce5edBC8E2a8697C15331677e6EbF0B": {
            "nonce": "0x02",
            "balance": "0x0de0b6b3a441ff80",
            "storage": {}
          },
          "0x000000000000000000000000000000000000c0DE": {
            "nonce": "0x01",
            "balance": "0x0de0b6b3a754bdc0",
            "code": "0x5a6000526000808080620f424061ba5e5af1505a6020526021602051600051030360005500000000000000000000000000000000000000000000000000000000000000000000",
            "storage": {
              "0x00": "0x1a90"
            }
          },
          "0x000000000000000000000000000000000000Ba5e": {
            "nonce": "0x01",
            "balance": "0x02e10f80",
            "storage": {}
          }
        }
      },
      {
        "indexes": {
          "data": 2,
          "gas": 0,
          "value": 0
        },
        "network": [
          ">=Shanghai"
        ],
        "expectException": null,
        "result": {
          "0x000000000000000000000000000000000000c0DE": {
            "nonce": "0x01",
            "balance": "0x0de0b6b3a754bdc0",
            "code": "0x5a6000526000808080620f424061ba5e5af1505a6020526021602051600051030360005500000000000000000000000000000000000000000000000000000000000000000000",
            "storage": {
              "0x00": "0x1a90"
            }
          },
          "0x000000000000000000000000000000000000Ba5A": {
            "shouldnotexist": "1"
          },
          "0x000000000000000000000000000000000000Ba5e": {
            "nonce": "0x01",
            "balance": "0x02e10f80",
            "storage": {}
          },
          "0xa94f5374Fce5edBC8E2a8697C15331677e6EbF0B": {
            "nonce": "0x02",
            "balance": "0x0de0b6b3a441ff80",
            "storage": {}
          }
        }
      },
      {
        "indexes": {
          "data": 0,
          "gas": 0,
          "value": 0
        },
        "network": [
          ">=Shanghai"
        ],
        "expectException": null,
        "result": {
          "0x000000000000000000000000000000000000c0DE": {
            "nonce": "0x01",
            "balance": "0x0de0b6b3a754bdc0",
            "code": "0x5a6000526000808080620f424061ba5e5af1505a6020526021602051600051030360005500000000000000000000000000000000000000000000000000000000000000000000",
            "storage": {
              "0x00": "0x1a90"
            }
          },
          "0x000000000000000000000000000000000000Ba5e": {
            "nonce": "0x01",
            "balance": "0x02c01a00",
            "storage": {}
          },
          "0xa94f5374Fce5edBC8E2a8697C15331677e6EbF0B": {
            "nonce": "0x02",
            "balance": "0x0de0b6b3a4669e80",
            "storage": {}
          }
        }
      },
      {
        "indexes": {
          "data": 1,
          "gas": 0,
          "value": 0
        },
        "network": [
          ">=Shanghai"
        ],
        "expectException": null,
        "result": {
          "0x000000000000000000000000000000000000Ba5e": {
            "nonce": "0x01",
            "balance": "0x02e10f80",
            "storage": {}
          },
          "0x000000000000000000000000000000000000c0DE": {
            "nonce": "0x01",
            "balance": "0x0de0b6b3a754bdc0",
            "code": "0x5a6000526000808080620f424061ba5e5af1505a6020526021602051600051030360005500000000000000000000000000000000000000000000000000000000000000000000",
            "storage": {
              "0x00": "0x1a90"
            }
          },
          "0xa94f5374Fce5edBC8E2a8697C15331677e6EbF0B": {
            "nonce": "0x02",
            "balance": "0x0de0b6b3a441ff80",
            "storage": {}
          }
        }
      }
    ]
  }
}