{
  "testName": "tests/GeneralStateTests/Cancun/stEIP1153-transientStorage/20_oogUndoesTransientStoreInCall.json",
  "20_oogUndoesTransientStoreInCall": {
    "expect": [
      {
        "indexes": {
          "data": 0,
          "gas": 0,
          "value": 0
        },
        "network": [
          ">=Cancun"
        ],
        "expectException": null,
        "result": {
          "0xB00000000000000000000000000000000000000B": {
            "nonce": "0x00",
            "balance": "0x0de0b6b3a7640000",
            "code": "0x600b5f5d622fffff5f2000000000000000000000000000000000000000000000000000000000000000000000",
            "storage": {}
          },
          "0x2ADC25665018Aa1FE0E6BC666DaC8Fc2697fF9bA": {
            "shouldnotexist": "1"
          },
          "0xA00000000000000000000000000000000000000A": {
            "nonce": "0x00",
            "balance": "0x0de0b6b3a7640000",
            "code": "0x600560015d60015c600a555f806020818073b00000000000000000000000000000000000000b61c350f1600c5560015c600b5500000000000000000000000000000000000000000000000000000000000000000000",
            "storage": {
              "0x0b": "0x05",
              "0x0a": "0x05",
              "0x0c": "0x00"
            }
          }
        }
      }
    ]
  }
}