{
  "testName": "tests/GeneralStateTests/Cancun/stEIP1153-transientStorage/02_tloadAfterTstore.json",
  "02_tloadAfterTstore": {
    "expect": [
      {
        "indexes": {
          "data": 0,
          "gas": 0,
          "value": 0
        },
        "network": [
          ">=Cancun"
        ],
        "expectException": null,
        "result": {
          "0xA00000000000000000000000000000000000000A": {
            "nonce": "0x00",
            "balance": "0x0de0b6b3a7640000",
            "code": "0x60585f5d5f5c60015500000000000000000000000000000000000000000000000000000000000000000000",
            "storage": {
              "0x01": "0x58"
            }
          },
          "0x2ADC25665018Aa1FE0E6BC666DaC8Fc2697fF9bA": {
            "shouldnotexist": "1"
          }
        }
      }
    ]
  }
}