{
  "testName": "tests/GeneralStateTests/Cancun/stEIP4844-blobtransactions/blobhashListBounds6.json",
  "blobhashListBounds6": {
    "expect": [
      {
        "indexes": {
          "data": 0,
          "gas": 0,
          "value": 0
        },
        "network": [
          ">=Cancun"
        ],
        "expectException": null,
        "result": {
          "0x095E7BAea6a6c7c4c2DfeB977eFac326aF552d87": {
            "nonce": "0x00",
            "balance": "0x0de0b6b3a76586a0",
            "code": "0x600a4960005500000000000000000000000000000000000000000000000000000000000000000000",
            "storage": {
              "0x01": "0x00",
              "0x00": "0x00"
            }
          }
        }
      }
    ]
  }
}