{
  "testName": "tests/GeneralStateTests/stEIP150singleCodeGasPrices/RawExtCodeCopyMemoryGas.json",
  "RawExtCodeCopyMemoryGas": {
    "expect": [
      {
        "indexes": {
          "data": 0,
          "gas": 0,
          "value": 0
        },
        "network": [
          ">=Shanghai"
        ],
        "expectException": null,
        "result": {
          "0xb94f5374fCe5EDbc8E2A8697c15331677E6EBf0B": {
            "nonce": "0x00",
            "balance": "0x00",
            "code": "0x5a600052612b706000602073094f5374fce5edbc8e2a8697c15331677e6ebf0b3c5a6000510360015500000000000000000000000000000000000000000000000000000000000000000000",
            "storage": {
              "0x01": "0x1354"
            }
          },
          "0x094F5374FCE5EdbC8E2A8697C15331677E6eBF0B": {
            "nonce": "0x00",
            "balance": "0x00",
            "code": "0x0112233445566778899101112131415161718191202122232425000000000000000000000000000000000000000000000000000000000000000000",
            "storage": {}
          },
          "0x2ADC25665018Aa1FE0E6BC666DaC8Fc2697fF9bA": {
            "shouldnotexist": "1"
          }
        }
      },
      {
        "indexes": {
          "data": 0,
          "gas": 0,
          "value": 0
        },
        "network": [
          ">=Cancun"
        ],
        "expectException": null,
        "result": {
          "0xb94f5374fCe5EDbc8E2A8697c15331677E6EBf0B": {
            "nonce": "0x00",
            "balance": "0x00",
            "code": "0x5a600052612b706000602073094f5374fce5edbc8e2a8697c15331677e6ebf0b3c5a6000510360015500000000000000000000000000000000000000000000000000000000000000000000",
            "storage": {
              "0x01": "0x1354"
            }
          },
          "0x2ADC25665018Aa1FE0E6BC666DaC8Fc2697fF9bA": {
            "shouldnotexist": "1"
          },
          "0x094F5374FCE5EdbC8E2A8697C15331677E6eBF0B": {
            "nonce": "0x00",
            "balance": "0x00",
            "code": "0x0112233445566778899101112131415161718191202122232425000000000000000000000000000000000000000000000000000000000000000000",
            "storage": {}
          }
        }
      }
    ]
  }
}