{
  "testName": "tests/GeneralStateTests/stEIP150Specific/ExecuteCallThatAskForeGasThenTrabsactionHas.json",
  "ExecuteCallThatAskForeGasThenTrabsactionHas": {
    "expect": [
      {
        "indexes": {
          "data": 0,
          "gas": 0,
          "value": 0
        },
        "network": [
          ">=Shanghai"
        ],
        "expectException": null,
        "result": {
          "0xb94f5374fCe5EDbc8E2A8697c15331677E6EBf0B": {
            "nonce": "0x00",
            "balance": "0x00",
            "code": "0x60006000600060006000731000000000000000000000000000000000000001620927c0f160015500000000000000000000000000000000000000000000000000000000000000000000",
            "storage": {
              "0x01": "0x01"
            }
          },
          "0x2ADC25665018Aa1FE0E6BC666DaC8Fc2697fF9bA": {
            "shouldnotexist": "1"
          },
          "0x1000000000000000000000000000000000000001": {
            "nonce": "0x00",
            "balance": "0x0186a0",
            "code": "0x600c60015500000000000000000000000000000000000000000000000000000000000000000000",
            "storage": {
              "0x01": "0x0c"
            }
          }
        }
      },
      {
        "indexes": {
          "data": 0,
          "gas": 0,
          "value": 0
        },
        "network": [
          ">=Cancun"
        ],
        "expectException": null,
        "result": {
          "0x2ADC25665018Aa1FE0E6BC666DaC8Fc2697fF9bA": {
            "shouldnotexist": "1"
          },
          "0xb94f5374fCe5EDbc8E2A8697c15331677E6EBf0B": {
            "nonce": "0x00",
            "balance": "0x00",
            "code": "0x60006000600060006000731000000000000000000000000000000000000001620927c0f160015500000000000000000000000000000000000000000000000000000000000000000000",
            "storage": {
              "0x01": "0x01"
            }
          },
          "0x1000000000000000000000000000000000000001": {
            "nonce": "0x00",
            "balance": "0x0186a0",
            "code": "0x600c60015500000000000000000000000000000000000000000000000000000000000000000000",
            "storage": {
              "0x01": "0x0c"
            }
          }
        }
      }
    ]
  }
}