{
  "testName": "tests/GeneralStateTests/stEIP3607/transactionCollidingWithNonEmptyAccount_callsItself.json",
  "transactionCollidingWithNonEmptyAccount_callsItself": {
    "expect": [
      {
        "indexes": {
          "data": 0,
          "gas": 0,
          "value": 0
        },
        "network": [
          ">=Shanghai"
        ],
        "expectException": "SenderNotEOA",
        "result": {}
      },
      {
        "indexes": {
          "data": 0,
          "gas": 0,
          "value": 0
        },
        "network": [
          ">=Cancun"
        ],
        "expectException": "SenderNotEOA",
        "result": {}
      }
    ]
  }
}