{
  "testName": "tests/GeneralStateTests/Shanghai/stEIP3860-limitmeterinitcode/create2InitCodeSizeLimit.json",
  "create2InitCodeSizeLimit": {
    "expect": [
      {
        "indexes": {
          "data": 0,
          "gas": 0,
          "value": 0
        },
        "network": [
          ">=Shanghai"
        ],
        "expectException": null,
        "result": {
          "0x2ADC25665018Aa1FE0E6BC666DaC8Fc2697fF9bA": {
            "shouldnotexist": "1"
          },
          "0xc94f5374fCe5eDBc8e2a8697C15331677E6EBF0B": {
            "nonce": "0x01",
            "balance": "0x00",
            "code": "0x69600a80600080396000f360b01b60009081523563deadbeef5a91600080f5905a9003600a5560005500000000000000000000000000000000000000000000000000000000000000000000",
            "storage": {
              "0x00": "0x9e7a3337d18c31fe4c1fe51ab2da6cfd3629923d",
              "0x0a": "0xd8f3"
            }
          },
          "0xb94f5374fCe5EDbc8E2A8697c15331677E6EBf0B": {
            "nonce": "0x00",
            "balance": "0x00",
            "code": "0x60003560005260008036818073c94f5374fce5edbc8e2a8697c15331677e6ebf0b62989680f16000556001805500000000000000000000000000000000000000000000000000000000000000000000",
            "storage": {
              "0x00": "0x01",
              "0x01": "0x01"
            }
          }
        }
      },
      {
        "indexes": {
          "data": 1,
          "gas": 0,
          "value": 0
        },
        "network": [
          ">=Shanghai"
        ],
        "expectException": null,
        "result": {
          "0xc94f5374fCe5eDBc8e2a8697C15331677E6EBF0B": {
            "nonce": "0x00",
            "balance": "0x00",
            "code": "0x69600a80600080396000f360b01b60009081523563deadbeef5a91600080f5905a9003600a5560005500000000000000000000000000000000000000000000000000000000000000000000",
            "storage": {}
          },
          "0xb94f5374fCe5EDbc8E2A8697c15331677E6EBf0B": {
            "nonce": "0x00",
            "balance": "0x00",
            "code": "0x60003560005260008036818073c94f5374fce5edbc8e2a8697c15331677e6ebf0b62989680f16000556001805500000000000000000000000000000000000000000000000000000000000000000000",
            "storage": {
              "0x01": "0x01",
              "0x00": "0x00"
            }
          },
          "0x2ADC25665018Aa1FE0E6BC666DaC8Fc2697fF9bA": {
            "shouldnotexist": "1"
          }
        }
      }
    ]
  }
}