{
  "testName": "tests/GeneralStateTests/stEIP150singleCodeGasPrices/RawDelegateCallGas.json",
  "RawDelegateCallGas": {
    "expect": [
      {
        "indexes": {
          "data": 0,
          "gas": 0,
          "value": 0
        },
        "network": [
          ">=Shanghai"
        ],
        "expectException": null,
        "result": {
          "0xb94f5374fCe5EDbc8E2A8697c15331677E6EBf0B": {
            "nonce": "0x00",
            "balance": "0x00",
            "code": "0x5a600052600060006000600073094f5374fce5edbc8e2a8697c15331677e6ebf0b617530f4505a6000510360015500000000000000000000000000000000000000000000000000000000000000000000",
            "storage": {
              "0x01": "0x60a0",
              "0x02": "0x752e"
            }
          },
          "0x2ADC25665018Aa1FE0E6BC666DaC8Fc2697fF9bA": {
            "shouldnotexist": "1"
          },
          "0x094F5374FCE5EdbC8E2A8697C15331677E6eBF0B": {
            "nonce": "0x00",
            "balance": "0x00",
            "code": "0x5a60025500000000000000000000000000000000000000000000000000000000000000000000",
            "storage": {}
          }
        }
      },
      {
        "indexes": {
          "data": 0,
          "gas": 0,
          "value": 0
        },
        "network": [
          ">=Cancun"
        ],
        "expectException": null,
        "result": {
          "0xb94f5374fCe5EDbc8E2A8697c15331677E6EBf0B": {
            "nonce": "0x00",
            "balance": "0x00",
            "code": "0x5a600052600060006000600073094f5374fce5edbc8e2a8697c15331677e6ebf0b617530f4505a6000510360015500000000000000000000000000000000000000000000000000000000000000000000",
            "storage": {
              "0x01": "0x60a0",
              "0x02": "0x752e"
            }
          },
          "0x094F5374FCE5EdbC8E2A8697C15331677E6eBF0B": {
            "nonce": "0x00",
            "balance": "0x00",
            "code": "0x5a60025500000000000000000000000000000000000000000000000000000000000000000000",
            "storage": {}
          },
          "0x2ADC25665018Aa1FE0E6BC666DaC8Fc2697fF9bA": {
            "shouldnotexist": "1"
          }
        }
      }
    ]
  }
}