{
  "testName": "tests/GeneralStateTests/stEIP150singleCodeGasPrices/RawCreateGasValueTransfer.json",
  "RawCreateGasValueTransfer": {
    "expect": [
      {
        "indexes": {
          "data": 0,
          "gas": 0,
          "value": 0
        },
        "network": [
          ">=Shanghai"
        ],
        "expectException": null,
        "result": {
          "0xb94f5374fCe5EDbc8E2A8697c15331677E6EBf0B": {
            "nonce": "0x01",
            "balance": "0x00",
            "code": "0x5a60005260006000600af0505a6000510360015500000000000000000000000000000000000000000000000000000000000000000000",
            "storage": {
              "0x01": "0x7d16"
            }
          },
          "0x2ADC25665018Aa1FE0E6BC666DaC8Fc2697fF9bA": {
            "shouldnotexist": "1"
          }
        }
      },
      {
        "indexes": {
          "data": 0,
          "gas": 0,
          "value": 0
        },
        "network": [
          ">=Cancun"
        ],
        "expectException": null,
        "result": {
          "0xb94f5374fCe5EDbc8E2A8697c15331677E6EBf0B": {
            "nonce": "0x01",
            "balance": "0x00",
            "code": "0x5a60005260006000600af0505a6000510360015500000000000000000000000000000000000000000000000000000000000000000000",
            "storage": {
              "0x01": "0x7d16"
            }
          },
          "0x2ADC25665018Aa1FE0E6BC666DaC8Fc2697fF9bA": {
            "shouldnotexist": "1"
          }
        }
      }
    ]
  }
}