{
  "testName": "tests/GeneralStateTests/stExtCodeHash/extCodeHashPrecompiles.json",
  "extCodeHashPrecompiles": {
    "expect": [
      {
        "indexes": {
          "data": 0,
          "gas": 0,
          "value": 0
        },
        "network": [
          ">=Shanghai"
        ],
        "expectException": null,
        "result": {
          "0x2ADC25665018Aa1FE0E6BC666DaC8Fc2697fF9bA": {
            "shouldnotexist": "1"
          },
          "0x095E7BAea6a6c7c4c2DfeB977eFac326aF552d87": {
            "nonce": "0x00",
            "balance": "0x0de0b6b3a7640001",
            "code": "0x60146000600c376000513f6000556000513b60015500000000000000000000000000000000000000000000000000000000000000000000",
            "storage": {
              "0x00": "0xe5fbfc8ab6f527df72b0a0ea8e0605dcc45e3cea1c7f2437b8c06592f7957451",
              "0x01": "0x16"
            }
          }
        }
      },
      {
        "indexes": {
          "data": 1,
          "gas": 0,
          "value": 0
        },
        "network": [
          ">=Shanghai"
        ],
        "expectException": null,
        "result": {
          "0x2ADC25665018Aa1FE0E6BC666DaC8Fc2697fF9bA": {
            "shouldnotexist": "1"
          },
          "0x0000000000000000000000000000000000000001": {
            "shouldnotexist": "1"
          },
          "0x095E7BAea6a6c7c4c2DfeB977eFac326aF552d87": {
            "nonce": "0x00",
            "balance": "0x0de0b6b3a7640001",
            "code": "0x60146000600c376000513f6000556000513b60015500000000000000000000000000000000000000000000000000000000000000000000",
            "storage": {
              "0x01": "0x00",
              "0x00": "0x00"
            }
          }
        }
      },
      {
        "indexes": {
          "data": 2,
          "gas": 0,
          "value": 0
        },
        "network": [
          ">=Shanghai"
        ],
        "expectException": null,
        "result": {
          "0x095E7BAea6a6c7c4c2DfeB977eFac326aF552d87": {
            "nonce": "0x00",
            "balance": "0x0de0b6b3a7640001",
            "code": "0x60146000600c376000513f6000556000513b60015500000000000000000000000000000000000000000000000000000000000000000000",
            "storage": {
              "0x01": "0x00",
              "0x00": "0x00"
            }
          },
          "0x0000000000000000000000000000000000000002": {
            "shouldnotexist": "1"
          },
          "0x2ADC25665018Aa1FE0E6BC666DaC8Fc2697fF9bA": {
            "shouldnotexist": "1"
          }
        }
      },
      {
        "indexes": {
          "data": 3,
          "gas": 0,
          "value": 0
        },
        "network": [
          ">=Shanghai"
        ],
        "expectException": null,
        "result": {
          "0x2ADC25665018Aa1FE0E6BC666DaC8Fc2697fF9bA": {
            "shouldnotexist": "1"
          },
          "0x0000000000000000000000000000000000000003": {
            "shouldnotexist": "1"
          },
          "0x095E7BAea6a6c7c4c2DfeB977eFac326aF552d87": {
            "nonce": "0x00",
            "balance": "0x0de0b6b3a7640001",
            "code": "0x60146000600c376000513f6000556000513b60015500000000000000000000000000000000000000000000000000000000000000000000",
            "storage": {
              "0x00": "0x00",
              "0x01": "0x00"
            }
          }
        }
      },
      {
        "indexes": {
          "data": 4,
          "gas": 0,
          "value": 0
        },
        "network": [
          ">=Shanghai"
        ],
        "expectException": null,
        "result": {
          "0x095E7BAea6a6c7c4c2DfeB977eFac326aF552d87": {
            "nonce": "0x00",
            "balance": "0x0de0b6b3a7640001",
            "code": "0x60146000600c376000513f6000556000513b60015500000000000000000000000000000000000000000000000000000000000000000000",
            "storage": {
              "0x01": "0x00",
              "0x00": "0x00"
            }
          },
          "0x0000000000000000000000000000000000000004": {
            "shouldnotexist": "1"
          },
          "0x2ADC25665018Aa1FE0E6BC666DaC8Fc2697fF9bA": {
            "shouldnotexist": "1"
          }
        }
      },
      {
        "indexes": {
          "data": 5,
          "gas": 0,
          "value": 0
        },
        "network": [
          ">=Shanghai"
        ],
        "expectException": null,
        "result": {
          "0x095E7BAea6a6c7c4c2DfeB977eFac326aF552d87": {
            "nonce": "0x00",
            "balance": "0x0de0b6b3a7640001",
            "code": "0x60146000600c376000513f6000556000513b60015500000000000000000000000000000000000000000000000000000000000000000000",
            "storage": {
              "0x00": "0x00",
              "0x01": "0x00"
            }
          },
          "0x2ADC25665018Aa1FE0E6BC666DaC8Fc2697fF9bA": {
            "shouldnotexist": "1"
          },
          "0x0000000000000000000000000000000000000005": {
            "shouldnotexist": "1"
          }
        }
      },
      {
        "indexes": {
          "data": 6,
          "gas": 0,
          "value": 0
        },
        "network": [
          ">=Shanghai"
        ],
        "expectException": null,
        "result": {
          "0x0000000000000000000000000000000000000006": {
            "shouldnotexist": "1"
          },
          "0x095E7BAea6a6c7c4c2DfeB977eFac326aF552d87": {
            "nonce": "0x00",
            "balance": "0x0de0b6b3a7640001",
            "code": "0x60146000600c376000513f6000556000513b60015500000000000000000000000000000000000000000000000000000000000000000000",
            "storage": {
              "0x01": "0x00",
              "0x00": "0x00"
            }
          },
          "0x2ADC25665018Aa1FE0E6BC666DaC8Fc2697fF9bA": {
            "shouldnotexist": "1"
          }
        }
      },
      {
        "indexes": {
          "data": 7,
          "gas": 0,
          "value": 0
        },
        "network": [
          ">=Shanghai"
        ],
        "expectException": null,
        "result": {
          "0x0000000000000000000000000000000000000007": {
            "shouldnotexist": "1"
          },
          "0x095E7BAea6a6c7c4c2DfeB977eFac326aF552d87": {
            "nonce": "0x00",
            "balance": "0x0de0b6b3a7640001",
            "code": "0x60146000600c376000513f6000556000513b60015500000000000000000000000000000000000000000000000000000000000000000000",
            "storage": {
              "0x01": "0x00",
              "0x00": "0x00"
            }
          },
          "0x2ADC25665018Aa1FE0E6BC666DaC8Fc2697fF9bA": {
            "shouldnotexist": "1"
          }
        }
      },
      {
        "indexes": {
          "data": 8,
          "gas": 0,
          "value": 0
        },
        "network": [
          ">=Shanghai"
        ],
        "expectException": null,
        "result": {
          "0x2ADC25665018Aa1FE0E6BC666DaC8Fc2697fF9bA": {
            "shouldnotexist": "1"
          },
          "0x0000000000000000000000000000000000000008": {
            "shouldnotexist": "1"
          },
          "0x095E7BAea6a6c7c4c2DfeB977eFac326aF552d87": {
            "nonce": "0x00",
            "balance": "0x0de0b6b3a7640001",
            "code": "0x60146000600c376000513f6000556000513b60015500000000000000000000000000000000000000000000000000000000000000000000",
            "storage": {
              "0x00": "0x00",
              "0x01": "0x00"
            }
          }
        }
      },
      {
        "indexes": {
          "data": 0,
          "gas": 0,
          "value": 0
        },
        "network": [
          ">=Cancun"
        ],
        "expectException": null,
        "result": {
          "0x095E7BAea6a6c7c4c2DfeB977eFac326aF552d87": {
            "nonce": "0x00",
            "balance": "0x0de0b6b3a7640001",
            "code": "0x60146000600c376000513f6000556000513b60015500000000000000000000000000000000000000000000000000000000000000000000",
            "storage": {
              "0x01": "0x16",
              "0x00": "0xe5fbfc8ab6f527df72b0a0ea8e0605dcc45e3cea1c7f2437b8c06592f7957451"
            }
          },
          "0x2ADC25665018Aa1FE0E6BC666DaC8Fc2697fF9bA": {
            "shouldnotexist": "1"
          }
        }
      },
      {
        "indexes": {
          "data": 1,
          "gas": 0,
          "value": 0
        },
        "network": [
          ">=Cancun"
        ],
        "expectException": null,
        "result": {
          "0x0000000000000000000000000000000000000001": {
            "shouldnotexist": "1"
          },
          "0x2ADC25665018Aa1FE0E6BC666DaC8Fc2697fF9bA": {
            "shouldnotexist": "1"
          },
          "0x095E7BAea6a6c7c4c2DfeB977eFac326aF552d87": {
            "nonce": "0x00",
            "balance": "0x0de0b6b3a7640001",
            "code": "0x60146000600c376000513f6000556000513b60015500000000000000000000000000000000000000000000000000000000000000000000",
            "storage": {
              "0x01": "0x00",
              "0x00": "0x00"
            }
          }
        }
      },
      {
        "indexes": {
          "data": 2,
          "gas": 0,
          "value": 0
        },
        "network": [
          ">=Cancun"
        ],
        "expectException": null,
        "result": {
          "0x095E7BAea6a6c7c4c2DfeB977eFac326aF552d87": {
            "nonce": "0x00",
            "balance": "0x0de0b6b3a7640001",
            "code": "0x60146000600c376000513f6000556000513b60015500000000000000000000000000000000000000000000000000000000000000000000",
            "storage": {
              "0x00": "0x00",
              "0x01": "0x00"
            }
          },
          "0x2ADC25665018Aa1FE0E6BC666DaC8Fc2697fF9bA": {
            "shouldnotexist": "1"
          },
          "0x0000000000000000000000000000000000000002": {
            "shouldnotexist": "1"
          }
        }
      },
      {
        "indexes": {
          "data": 3,
          "gas": 0,
          "value": 0
        },
        "network": [
          ">=Cancun"
        ],
        "expectException": null,
        "result": {
          "0x0000000000000000000000000000000000000003": {
            "shouldnotexist": "1"
          },
          "0x095E7BAea6a6c7c4c2DfeB977eFac326aF552d87": {
            "nonce": "0x00",
            "balance": "0x0de0b6b3a7640001",
            "code": "0x60146000600c376000513f6000556000513b60015500000000000000000000000000000000000000000000000000000000000000000000",
            "storage": {
              "0x01": "0x00",
              "0x00": "0x00"
            }
          },
          "0x2ADC25665018Aa1FE0E6BC666DaC8Fc2697fF9bA": {
            "shouldnotexist": "1"
          }
        }
      },
      {
        "indexes": {
          "data": 4,
          "gas": 0,
          "value": 0
        },
        "network": [
          ">=Cancun"
        ],
        "expectException": null,
        "result": {
          "0x0000000000000000000000000000000000000004": {
            "shouldnotexist": "1"
          },
          "0x095E7BAea6a6c7c4c2DfeB977eFac326aF552d87": {
            "nonce": "0x00",
            "balance": "0x0de0b6b3a7640001",
            "code": "0x60146000600c376000513f6000556000513b60015500000000000000000000000000000000000000000000000000000000000000000000",
            "storage": {
              "0x00": "0x00",
              "0x01": "0x00"
            }
          },
          "0x2ADC25665018Aa1FE0E6BC666DaC8Fc2697fF9bA": {
            "shouldnotexist": "1"
          }
        }
      },
      {
        "indexes": {
          "data": 5,
          "gas": 0,
          "value": 0
        },
        "network": [
          ">=Cancun"
        ],
        "expectException": null,
        "result": {
          "0x095E7BAea6a6c7c4c2DfeB977eFac326aF552d87": {
            "nonce": "0x00",
            "balance": "0x0de0b6b3a7640001",
            "code": "0x60146000600c376000513f6000556000513b60015500000000000000000000000000000000000000000000000000000000000000000000",
            "storage": {
              "0x01": "0x00",
              "0x00": "0x00"
            }
          },
          "0x0000000000000000000000000000000000000005": {
            "shouldnotexist": "1"
          },
          "0x2ADC25665018Aa1FE0E6BC666DaC8Fc2697fF9bA": {
            "shouldnotexist": "1"
          }
        }
      },
      {
        "indexes": {
          "data": 6,
          "gas": 0,
          "value": 0
        },
        "network": [
          ">=Cancun"
        ],
        "expectException": null,
        "result": {
          "0x2ADC25665018Aa1FE0E6BC666DaC8Fc2697fF9bA": {
            "shouldnotexist": "1"
          },
          "0x095E7BAea6a6c7c4c2DfeB977eFac326aF552d87": {
            "nonce": "0x00",
            "balance": "0x0de0b6b3a7640001",
            "code": "0x60146000600c376000513f6000556000513b60015500000000000000000000000000000000000000000000000000000000000000000000",
            "storage": {
              "0x01": "0x00",
              "0x00": "0x00"
            }
          },
          "0x0000000000000000000000000000000000000006": {
            "shouldnotexist": "1"
          }
        }
      },
      {
        "indexes": {
          "data": 7,
          "gas": 0,
          "value": 0
        },
        "network": [
          ">=Cancun"
        ],
        "expectException": null,
        "result": {
          "0x095E7BAea6a6c7c4c2DfeB977eFac326aF552d87": {
            "nonce": "0x00",
            "balance": "0x0de0b6b3a7640001",
            "code": "0x60146000600c376000513f6000556000513b60015500000000000000000000000000000000000000000000000000000000000000000000",
            "storage": {
              "0x00": "0x00",
              "0x01": "0x00"
            }
          },
          "0x0000000000000000000000000000000000000007": {
            "shouldnotexist": "1"
          },
          "0x2ADC25665018Aa1FE0E6BC666DaC8Fc2697fF9bA": {
            "shouldnotexist": "1"
          }
        }
      },
      {
        "indexes": {
          "data": 8,
          "gas": 0,
          "value": 0
        },
        "network": [
          ">=Cancun"
        ],
        "expectException": null,
        "result": {
          "0x0000000000000000000000000000000000000008": {
            "shouldnotexist": "1"
          },
          "0x095E7BAea6a6c7c4c2DfeB977eFac326aF552d87": {
            "nonce": "0x00",
            "balance": "0x0de0b6b3a7640001",
            "code": "0x60146000600c376000513f6000556000513b60015500000000000000000000000000000000000000000000000000000000000000000000",
            "storage": {
              "0x00": "0x00",
              "0x01": "0x00"
            }
          },
          "0x2ADC25665018Aa1FE0E6BC666DaC8Fc2697fF9bA": {
            "shouldnotexist": "1"
          }
        }
      }
    ]
  }
}