{
  "testName": "tests/GeneralStateTests/stExtCodeHash/extCodeHashSelf.json",
  "extCodeHashSelf": {
    "expect": [
      {
        "indexes": {
          "data": 0,
          "gas": 0,
          "value": 0
        },
        "network": [
          ">=Shanghai"
        ],
        "expectException": null,
        "result": {
          "0xdEADBEeF00000000000000000000000000000000": {
            "nonce": "0x00",
            "balance": "0x0de0b6b3a7640001",
            "code": "0x73deadbeef000000000000000000000000000000003f60005573deadbeef000000000000000000000000000000003b60015500000000000000000000000000000000000000000000000000000000000000000000",
            "storage": {
              "0x00": "0x8807d680db87f5e22d9914d421554ef0f43ec8f589fff85a094c52a35525d2bf",
              "0x01": "0x33"
            }
          },
          "0x2ADC25665018Aa1FE0E6BC666DaC8Fc2697fF9bA": {
            "shouldnotexist": "1"
          }
        }
      },
      {
        "indexes": {
          "data": 0,
          "gas": 0,
          "value": 0
        },
        "network": [
          ">=Cancun"
        ],
        "expectException": null,
        "result": {
          "0xdEADBEeF00000000000000000000000000000000": {
            "nonce": "0x00",
            "balance": "0x0de0b6b3a7640001",
            "code": "0x73deadbeef000000000000000000000000000000003f60005573deadbeef000000000000000000000000000000003b60015500000000000000000000000000000000000000000000000000000000000000000000",
            "storage": {
              "0x01": "0x33",
              "0x00": "0x8807d680db87f5e22d9914d421554ef0f43ec8f589fff85a094c52a35525d2bf"
            }
          },
          "0x2ADC25665018Aa1FE0E6BC666DaC8Fc2697fF9bA": {
            "shouldnotexist": "1"
          }
        }
      }
    ]
  }
}