{
  "testName": "tests/GeneralStateTests/stExample/invalidTr.json",
  "invalidTr": {
    "expect": [
      {
        "indexes": {
          "data": 0,
          "gas": 0,
          "value": 0
        },
        "network": [
          ">=Shanghai"
        ],
        "expectException": "TR_IntrinsicGas",
        "result": {}
      },
      {
        "indexes": {
          "data": 0,
          "gas": 0,
          "value": 0
        },
        "network": [
          ">=Cancun"
        ],
        "expectException": "TR_IntrinsicGas",
        "result": {}
      }
    ]
  }
}