{
  "testName": "tests/GeneralStateTests/stHomesteadSpecific/createContractViaContractOOGInitCode.json",
  "createContractViaContractOOGInitCode": {
    "expect": [
      {
        "indexes": {
          "data": 0,
          "gas": 0,
          "value": 0
        },
        "network": [
          ">=Shanghai"
        ],
        "expectException": null,
        "result": {
          "0xD3264FeD42A0DC00663d0aA2B0AbB90a19b347F2": {
            "shouldnotexist": "1"
          },
          "0x5DDDfCe53EE040D9EB21AFbC0aE1BB4Dbb0BA643": {
            "shouldnotexist": "1"
          },
          "0x2ADC25665018Aa1FE0E6BC666DaC8Fc2697fF9bA": {
            "shouldnotexist": "1"
          },
          "0x1000000000000000000000000000000000000001": {
            "nonce": "0x01",
            "balance": "0x00",
            "code": "0x6b602060406000f0600c600055600052600c60146000f000000000000000000000000000000000000000000000000000000000000000000000",
            "storage": {}
          }
        }
      },
      {
        "indexes": {
          "data": 0,
          "gas": 0,
          "value": 0
        },
        "network": [
          ">=Cancun"
        ],
        "expectException": null,
        "result": {
          "0x5DDDfCe53EE040D9EB21AFbC0aE1BB4Dbb0BA643": {
            "shouldnotexist": "1"
          },
          "0x1000000000000000000000000000000000000001": {
            "nonce": "0x01",
            "balance": "0x00",
            "code": "0x6b602060406000f0600c600055600052600c60146000f000000000000000000000000000000000000000000000000000000000000000000000",
            "storage": {}
          },
          "0x2ADC25665018Aa1FE0E6BC666DaC8Fc2697fF9bA": {
            "shouldnotexist": "1"
          },
          "0xD3264FeD42A0DC00663d0aA2B0AbB90a19b347F2": {
            "shouldnotexist": "1"
          }
        }
      }
    ]
  }
}