{
  "testName": "tests/GeneralStateTests/stHomesteadSpecific/contractCreationOOGdontLeaveEmptyContract.json",
  "contractCreationOOGdontLeaveEmptyContract": {
    "expect": [
      {
        "indexes": {
          "data": 0,
          "gas": 0,
          "value": 0
        },
        "network": [
          ">=Shanghai"
        ],
        "expectException": null,
        "result": {
          "0x2ADC25665018Aa1FE0E6BC666DaC8Fc2697fF9bA": {
            "shouldnotexist": "1"
          },
          "0x1000000000000000000000000000000000000001": {
            "nonce": "0x01",
            "balance": "0x00",
            "code": "0x60106001557f6001600155601080600c6000396000f3006000355415600957005b6020356000600052602060006000f000000000000000000000000000000000000000000000000000000000000000000000",
            "storage": {
              "0x01": "0x10"
            }
          },
          "0x5DDDfCe53EE040D9EB21AFbC0aE1BB4Dbb0BA643": {
            "shouldnotexist": "1"
          }
        }
      },
      {
        "indexes": {
          "data": 0,
          "gas": 0,
          "value": 0
        },
        "network": [
          ">=Cancun"
        ],
        "expectException": null,
        "result": {
          "0x2ADC25665018Aa1FE0E6BC666DaC8Fc2697fF9bA": {
            "shouldnotexist": "1"
          },
          "0x5DDDfCe53EE040D9EB21AFbC0aE1BB4Dbb0BA643": {
            "shouldnotexist": "1"
          },
          "0x1000000000000000000000000000000000000001": {
            "nonce": "0x01",
            "balance": "0x00",
            "code": "0x60106001557f6001600155601080600c6000396000f3006000355415600957005b6020356000600052602060006000f000000000000000000000000000000000000000000000000000000000000000000000",
            "storage": {
              "0x01": "0x10"
            }
          }
        }
      }
    ]
  }
}