{
  "testName": "tests/GeneralStateTests/stInitCodeTest/CallContractToCreateContractOOGBonusGas.json",
  "CallContractToCreateContractOOGBonusGas": {
    "expect": [
      {
        "indexes": {
          "data": 0,
          "gas": 0,
          "value": 0
        },
        "network": [
          ">=Shanghai"
        ],
        "expectException": null,
        "result": {
          "0x095E7BAea6a6c7c4c2DfeB977eFac326aF552d87": {
            "nonce": "0x01",
            "balance": "0x6f",
            "code": "0x74600c60005566602060406000f060205260076039f36000526015600b6001f06000556000600060006000600c6000546000f100000000000000000000000000000000000000000000000000000000000000000000",
            "storage": {
              "0x00": "0xd2571607e241ecf590ed94b12d87c94babe36db6"
            }
          },
          "0x2ADC25665018Aa1FE0E6BC666DaC8Fc2697fF9bA": {
            "shouldnotexist": "1"
          }
        }
      },
      {
        "indexes": {
          "data": 0,
          "gas": 0,
          "value": 0
        },
        "network": [
          ">=Cancun"
        ],
        "expectException": null,
        "result": {
          "0x095E7BAea6a6c7c4c2DfeB977eFac326aF552d87": {
            "nonce": "0x01",
            "balance": "0x6f",
            "code": "0x74600c60005566602060406000f060205260076039f36000526015600b6001f06000556000600060006000600c6000546000f100000000000000000000000000000000000000000000000000000000000000000000",
            "storage": {
              "0x00": "0xd2571607e241ecf590ed94b12d87c94babe36db6"
            }
          },
          "0x2ADC25665018Aa1FE0E6BC666DaC8Fc2697fF9bA": {
            "shouldnotexist": "1"
          }
        }
      }
    ]
  }
}