{
  "testName": "tests/GeneralStateTests/stInitCodeTest/CallContractToCreateContractNoCash.json",
  "CallContractToCreateContractNoCash": {
    "expect": [
      {
        "indexes": {
          "data": 0,
          "gas": 0,
          "value": 0
        },
        "network": [
          ">=Cancun"
        ],
        "expectException": null,
        "result": {
          "0x2ADC25665018Aa1FE0E6BC666DaC8Fc2697fF9bA": {
            "shouldnotexist": "1"
          },
          "0x095E7BAea6a6c7c4c2DfeB977eFac326aF552d87": {
            "nonce": "0x00",
            "balance": "0x2710",
            "code": "0x74600c60005566602060406000f060205260076039f36000526015600b620186a0f060005500000000000000000000000000000000000000000000000000000000000000000000",
            "storage": {
              "0x00": "0x00"
            }
          }
        }
      },
      {
        "indexes": {
          "data": 0,
          "gas": 0,
          "value": 0
        },
        "network": [
          ">=Shanghai"
        ],
        "expectException": null,
        "result": {
          "0x095E7BAea6a6c7c4c2DfeB977eFac326aF552d87": {
            "nonce": "0x00",
            "balance": "0x2710",
            "code": "0x74600c60005566602060406000f060205260076039f36000526015600b620186a0f060005500000000000000000000000000000000000000000000000000000000000000000000",
            "storage": {
              "0x00": "0x00"
            }
          },
          "0x2ADC25665018Aa1FE0E6BC666DaC8Fc2697fF9bA": {
            "shouldnotexist": "1"
          }
        }
      }
    ]
  }
}