{
  "testName": "tests/GeneralStateTests/stLogTests/log1_nonEmptyMem_logMemSize1_logMemStart31.json",
  "log1_nonEmptyMem_logMemSize1_logMemStart31": {
    "expect": [
      {
        "indexes": {
          "data": 0,
          "gas": 0,
          "value": 0
        },
        "network": [
          ">=Shanghai"
        ],
        "expectException": null,
        "result": {
          "0x2ADC25665018Aa1FE0E6BC666DaC8Fc2697fF9bA": {
            "shouldnotexist": "1"
          },
          "0x0f572e5295c57F15886F9b263E2f6d2d6c7b5ec6": {
            "nonce": "0x00",
            "balance": "0x0de0b6b3a7640017",
            "code": "0x7faabbffffffffffffffffffffffffffffffffffffffffffffffffffffffffccdd60005260006001601fa100000000000000000000000000000000000000000000000000000000000000000000",
            "storage": {}
          },
          "0x095E7BAea6a6c7c4c2DfeB977eFac326aF552d87": {
            "nonce": "0x00",
            "balance": "0x0de0b6b3a7658689",
            "code": "0x60006000600060006017730f572e5295c57f15886f9b263e2f6d2d6c7b5ec66103e8f160005500000000000000000000000000000000000000000000000000000000000000000000",
            "storage": {
              "0x00": "0x01"
            }
          }
        }
      },
      {
        "indexes": {
          "data": 0,
          "gas": 0,
          "value": 0
        },
        "network": [
          ">=Cancun"
        ],
        "expectException": null,
        "result": {
          "0x2ADC25665018Aa1FE0E6BC666DaC8Fc2697fF9bA": {
            "shouldnotexist": "1"
          },
          "0x0f572e5295c57F15886F9b263E2f6d2d6c7b5ec6": {
            "nonce": "0x00",
            "balance": "0x0de0b6b3a7640017",
            "code": "0x7faabbffffffffffffffffffffffffffffffffffffffffffffffffffffffffccdd60005260006001601fa100000000000000000000000000000000000000000000000000000000000000000000",
            "storage": {}
          },
          "0x095E7BAea6a6c7c4c2DfeB977eFac326aF552d87": {
            "nonce": "0x00",
            "balance": "0x0de0b6b3a7658689",
            "code": "0x60006000600060006017730f572e5295c57f15886f9b263e2f6d2d6c7b5ec66103e8f160005500000000000000000000000000000000000000000000000000000000000000000000",
            "storage": {
              "0x00": "0x01"
            }
          }
        }
      }
    ]
  }
}