{
  "testName": "tests/GeneralStateTests/stMemoryStressTest/MLOAD_Bounds2.json",
  "MLOAD_Bounds2": {
    "expect": [
      {
        "indexes": {
          "data": 0,
          "gas": 0,
          "value": 0
        },
        "network": [
          ">=Shanghai"
        ],
        "expectException": null,
        "result": {
          "0x1000000000000000000000000000000000000000": {
            "nonce": "0x00",
            "balance": "0x00",
            "code": "0x67ffffffffffffffff51506fffffffffffffffffffffffffffffffff51507fffffffffffffffffffffffffffffffffffffffffffffffffffffffffffffffff5100000000000000000000000000000000000000000000000000000000000000000000",
            "storage": {}
          },
          "0x2ADC25665018Aa1FE0E6BC666DaC8Fc2697fF9bA": {
            "shouldnotexist": "1"
          }
        }
      },
      {
        "indexes": {
          "data": 0,
          "gas": 1,
          "value": 0
        },
        "network": [
          ">=Shanghai"
        ],
        "expectException": null,
        "result": {
          "0x2ADC25665018Aa1FE0E6BC666DaC8Fc2697fF9bA": {
            "shouldnotexist": "1"
          },
          "0x1000000000000000000000000000000000000000": {
            "nonce": "0x00",
            "balance": "0x00",
            "code": "0x67ffffffffffffffff51506fffffffffffffffffffffffffffffffff51507fffffffffffffffffffffffffffffffffffffffffffffffffffffffffffffffff5100000000000000000000000000000000000000000000000000000000000000000000",
            "storage": {}
          }
        }
      },
      {
        "indexes": {
          "data": 0,
          "gas": 0,
          "value": 0
        },
        "network": [
          ">=Cancun"
        ],
        "expectException": null,
        "result": {
          "0x2ADC25665018Aa1FE0E6BC666DaC8Fc2697fF9bA": {
            "shouldnotexist": "1"
          },
          "0x1000000000000000000000000000000000000000": {
            "nonce": "0x00",
            "balance": "0x00",
            "code": "0x67ffffffffffffffff51506fffffffffffffffffffffffffffffffff51507fffffffffffffffffffffffffffffffffffffffffffffffffffffffffffffffff5100000000000000000000000000000000000000000000000000000000000000000000",
            "storage": {}
          }
        }
      },
      {
        "indexes": {
          "data": 0,
          "gas": 1,
          "value": 0
        },
        "network": [
          ">=Cancun"
        ],
        "expectException": null,
        "result": {
          "0x2ADC25665018Aa1FE0E6BC666DaC8Fc2697fF9bA": {
            "shouldnotexist": "1"
          },
          "0x1000000000000000000000000000000000000000": {
            "nonce": "0x00",
            "balance": "0x00",
            "code": "0x67ffffffffffffffff51506fffffffffffffffffffffffffffffffff51507fffffffffffffffffffffffffffffffffffffffffffffffffffffffffffffffff5100000000000000000000000000000000000000000000000000000000000000000000",
            "storage": {}
          }
        }
      }
    ]
  }
}