{
  "testName": "tests/GeneralStateTests/stMemoryStressTest/static_CALL_Bounds2a.json",
  "static_CALL_Bounds2a": {
    "expect": [
      {
        "indexes": {
          "data": 0,
          "gas": 0,
          "value": 0
        },
        "network": [
          ">=Shanghai"
        ],
        "expectException": null,
        "result": {
          "0x1000000000000000000000000000000000000001": {
            "nonce": "0x00",
            "balance": "0x00",
            "code": "0x60005460010160005500000000000000000000000000000000000000000000000000000000000000000000",
            "storage": {}
          },
          "0x2ADC25665018Aa1FE0E6BC666DaC8Fc2697fF9bA": {
            "shouldnotexist": "1"
          },
          "0x1000000000000000000000000000000000000000": {
            "nonce": "0x00",
            "balance": "0x00",
            "code": "0x63ffffffff63ffffffff63ffffffff63ffffffff7310000000000000000000000000000000000000016707fffffffffffffffa00000000000000000000000000000000000000000000000000000000000000000000",
            "storage": {}
          }
        }
      },
      {
        "indexes": {
          "data": 0,
          "gas": 1,
          "value": 0
        },
        "network": [
          ">=Shanghai"
        ],
        "expectException": null,
        "result": {
          "0x2ADC25665018Aa1FE0E6BC666DaC8Fc2697fF9bA": {
            "shouldnotexist": "1"
          },
          "0x1000000000000000000000000000000000000000": {
            "nonce": "0x00",
            "balance": "0x00",
            "code": "0x63ffffffff63ffffffff63ffffffff63ffffffff7310000000000000000000000000000000000000016707fffffffffffffffa00000000000000000000000000000000000000000000000000000000000000000000",
            "storage": {}
          },
          "0x1000000000000000000000000000000000000001": {
            "nonce": "0x00",
            "balance": "0x00",
            "code": "0x60005460010160005500000000000000000000000000000000000000000000000000000000000000000000",
            "storage": {}
          }
        }
      },
      {
        "indexes": {
          "data": 0,
          "gas": 0,
          "value": 0
        },
        "network": [
          ">=Cancun"
        ],
        "expectException": null,
        "result": {
          "0x2ADC25665018Aa1FE0E6BC666DaC8Fc2697fF9bA": {
            "shouldnotexist": "1"
          },
          "0x1000000000000000000000000000000000000001": {
            "nonce": "0x00",
            "balance": "0x00",
            "code": "0x60005460010160005500000000000000000000000000000000000000000000000000000000000000000000",
            "storage": {}
          },
          "0x1000000000000000000000000000000000000000": {
            "nonce": "0x00",
            "balance": "0x00",
            "code": "0x63ffffffff63ffffffff63ffffffff63ffffffff7310000000000000000000000000000000000000016707fffffffffffffffa00000000000000000000000000000000000000000000000000000000000000000000",
            "storage": {}
          }
        }
      },
      {
        "indexes": {
          "data": 0,
          "gas": 1,
          "value": 0
        },
        "network": [
          ">=Cancun"
        ],
        "expectException": null,
        "result": {
          "0x2ADC25665018Aa1FE0E6BC666DaC8Fc2697fF9bA": {
            "shouldnotexist": "1"
          },
          "0x1000000000000000000000000000000000000001": {
            "nonce": "0x00",
            "balance": "0x00",
            "code": "0x60005460010160005500000000000000000000000000000000000000000000000000000000000000000000",
            "storage": {}
          },
          "0x1000000000000000000000000000000000000000": {
            "nonce": "0x00",
            "balance": "0x00",
            "code": "0x63ffffffff63ffffffff63ffffffff63ffffffff7310000000000000000000000000000000000000016707fffffffffffffffa00000000000000000000000000000000000000000000000000000000000000000000",
            "storage": {}
          }
        }
      }
    ]
  }
}