{
  "testName": "tests/GeneralStateTests/stMemExpandingEIP150Calls/CallAskMoreGasOnDepth2ThenTransactionHasWithMemExpandingCalls.json",
  "CallAskMoreGasOnDepth2ThenTransactionHasWithMemExpandingCalls": {
    "expect": [
      {
        "indexes": {
          "data": 0,
          "gas": 0,
          "value": 0
        },
        "network": [
          ">=Shanghai"
        ],
        "expectException": null,
        "result": {
          "0xb94f5374fCe5EDbc8E2A8697c15331677E6EBf0B": {
            "nonce": "0x00",
            "balance": "0x00",
            "code": "0x5a60085560ff60ff60ff60ff600073100000000000000000000000000000000000010762030d40f1600955000000000000000000000000000000000000000000000000000000000000000000",
            "storage": {
              "0x08": "0x08d5b6",
              "0x09": "0x01"
            }
          },
          "0x1000000000000000000000000000000000000107": {
            "nonce": "0x00",
            "balance": "0x00",
            "code": "0x5a60085560ff60ff60ff60ff6000731000000000000000000000000000000000000108620927c0f1600955000000000000000000000000000000000000000000000000000000000000000000",
            "storage": {
              "0x09": "0x01",
              "0x08": "0x030d3e"
            }
          },
          "0x1000000000000000000000000000000000000108": {
            "nonce": "0x00",
            "balance": "0x00",
            "code": "0x5a600855000000000000000000000000000000000000000000000000000000000000000000",
            "storage": {
              "0x08": "0x02a1c7"
            }
          },
          "0x2ADC25665018Aa1FE0E6BC666DaC8Fc2697fF9bA": {
            "shouldnotexist": "1"
          }
        }
      },
      {
        "indexes": {
          "data": 0,
          "gas": 0,
          "value": 0
        },
        "network": [
          ">=Cancun"
        ],
        "expectException": null,
        "result": {
          "0x1000000000000000000000000000000000000107": {
            "nonce": "0x00",
            "balance": "0x00",
            "code": "0x5a60085560ff60ff60ff60ff6000731000000000000000000000000000000000000108620927c0f1600955000000000000000000000000000000000000000000000000000000000000000000",
            "storage": {
              "0x09": "0x01",
              "0x08": "0x030d3e"
            }
          },
          "0x2ADC25665018Aa1FE0E6BC666DaC8Fc2697fF9bA": {
            "shouldnotexist": "1"
          },
          "0xb94f5374fCe5EDbc8E2A8697c15331677E6EBf0B": {
            "nonce": "0x00",
            "balance": "0x00",
            "code": "0x5a60085560ff60ff60ff60ff600073100000000000000000000000000000000000010762030d40f1600955000000000000000000000000000000000000000000000000000000000000000000",
            "storage": {
              "0x08": "0x08d5b6",
              "0x09": "0x01"
            }
          },
          "0x1000000000000000000000000000000000000108": {
            "nonce": "0x00",
            "balance": "0x00",
            "code": "0x5a600855000000000000000000000000000000000000000000000000000000000000000000",
            "storage": {
              "0x08": "0x02a1c7"
            }
          }
        }
      }
    ]
  }
}