{
  "testName": "tests/GeneralStateTests/stMemoryStressTest/mload32bitBound2.json",
  "mload32bitBound2": {
    "expect": [
      {
        "indexes": {
          "data": 0,
          "gas": 0,
          "value": 0
        },
        "network": [
          ">=Shanghai"
        ],
        "expectException": null,
        "result": {
          "0x0f572e5295c57F15886F9b263E2f6d2d6c7b5ec6": {
            "nonce": "0x00",
            "balance": "0x0de0b6b3a7640000",
            "code": "0x6401773594005160015500000000000000000000000000000000000000000000000000000000000000000000",
            "storage": {}
          },
          "0x2ADC25665018Aa1FE0E6BC666DaC8Fc2697fF9bA": {
            "shouldnotexist": "1"
          }
        }
      },
      {
        "indexes": {
          "data": 0,
          "gas": 1,
          "value": 0
        },
        "network": [
          ">=Shanghai"
        ],
        "expectException": null,
        "result": {
          "0x2ADC25665018Aa1FE0E6BC666DaC8Fc2697fF9bA": {
            "shouldnotexist": "1"
          },
          "0x0f572e5295c57F15886F9b263E2f6d2d6c7b5ec6": {
            "nonce": "0x00",
            "balance": "0x0de0b6b3a7640000",
            "code": "0x6401773594005160015500000000000000000000000000000000000000000000000000000000000000000000",
            "storage": {}
          }
        }
      },
      {
        "indexes": {
          "data": 0,
          "gas": 0,
          "value": 0
        },
        "network": [
          ">=Cancun"
        ],
        "expectException": null,
        "result": {
          "0x2ADC25665018Aa1FE0E6BC666DaC8Fc2697fF9bA": {
            "shouldnotexist": "1"
          },
          "0x0f572e5295c57F15886F9b263E2f6d2d6c7b5ec6": {
            "nonce": "0x00",
            "balance": "0x0de0b6b3a7640000",
            "code": "0x6401773594005160015500000000000000000000000000000000000000000000000000000000000000000000",
            "storage": {}
          }
        }
      },
      {
        "indexes": {
          "data": 0,
          "gas": 1,
          "value": 0
        },
        "network": [
          ">=Cancun"
        ],
        "expectException": null,
        "result": {
          "0x0f572e5295c57F15886F9b263E2f6d2d6c7b5ec6": {
            "nonce": "0x00",
            "balance": "0x0de0b6b3a7640000",
            "code": "0x6401773594005160015500000000000000000000000000000000000000000000000000000000000000000000",
            "storage": {}
          },
          "0x2ADC25665018Aa1FE0E6BC666DaC8Fc2697fF9bA": {
            "shouldnotexist": "1"
          }
        }
      }
    ]
  }
}