{
  "testName": "tests/GeneralStateTests/stMemoryTest/mem32kb-1.json",
  "mem32kb-1": {
    "expect": [
      {
        "indexes": {
          "data": 0,
          "gas": 0,
          "value": 0
        },
        "network": [
          ">=Shanghai"
        ],
        "expectException": null,
        "result": {
          "0x0f572e5295c57F15886F9b263E2f6d2d6c7b5ec6": {
            "nonce": "0x00",
            "balance": "0x0de0b6b3a764000a",
            "code": "0x602a617cdf52617cdf516001555960005500000000000000000000000000000000000000000000000000000000000000000000",
            "storage": {
              "0x01": "0x2a",
              "0x00": "0x7d00"
            }
          },
          "0x2ADC25665018Aa1FE0E6BC666DaC8Fc2697fF9bA": {
            "shouldnotexist": "1"
          }
        }
      },
      {
        "indexes": {
          "data": 0,
          "gas": 0,
          "value": 0
        },
        "network": [
          ">=Cancun"
        ],
        "expectException": null,
        "result": {
          "0x0f572e5295c57F15886F9b263E2f6d2d6c7b5ec6": {
            "nonce": "0x00",
            "balance": "0x0de0b6b3a764000a",
            "code": "0x602a617cdf52617cdf516001555960005500000000000000000000000000000000000000000000000000000000000000000000",
            "storage": {
              "0x01": "0x2a",
              "0x00": "0x7d00"
            }
          },
          "0x2ADC25665018Aa1FE0E6BC666DaC8Fc2697fF9bA": {
            "shouldnotexist": "1"
          }
        }
      }
    ]
  }
}