{
  "testName": "tests/GeneralStateTests/stMemoryStressTest/CREATE_Bounds2.json",
  "CREATE_Bounds2": {
    "expect": [
      {
        "indexes": {
          "data": 0,
          "gas": 0,
          "value": 0
        },
        "network": [
          ">=Shanghai"
        ],
        "expectException": null,
        "result": {
          "0x2ADC25665018Aa1FE0E6BC666DaC8Fc2697fF9bA": {
            "shouldnotexist": "1"
          },
          "0x1000000000000000000000000000000000000000": {
            "nonce": "0x00",
            "balance": "0x64",
            "code": "0x7f6001600155601080600c6000396000f3006000355415600957005b60203560006000526035602053605560215363ffffffff60006001f000000000000000000000000000000000000000000000000000000000000000000000",
            "storage": {}
          }
        }
      },
      {
        "indexes": {
          "data": 0,
          "gas": 1,
          "value": 0
        },
        "network": [
          ">=Shanghai"
        ],
        "expectException": null,
        "result": {
          "0x2ADC25665018Aa1FE0E6BC666DaC8Fc2697fF9bA": {
            "shouldnotexist": "1"
          },
          "0x1000000000000000000000000000000000000000": {
            "nonce": "0x00",
            "balance": "0x64",
            "code": "0x7f6001600155601080600c6000396000f3006000355415600957005b60203560006000526035602053605560215363ffffffff60006001f000000000000000000000000000000000000000000000000000000000000000000000",
            "storage": {}
          }
        }
      },
      {
        "indexes": {
          "data": 0,
          "gas": 0,
          "value": 0
        },
        "network": [
          ">=Cancun"
        ],
        "expectException": null,
        "result": {
          "0x2ADC25665018Aa1FE0E6BC666DaC8Fc2697fF9bA": {
            "shouldnotexist": "1"
          },
          "0x1000000000000000000000000000000000000000": {
            "nonce": "0x00",
            "balance": "0x64",
            "code": "0x7f6001600155601080600c6000396000f3006000355415600957005b60203560006000526035602053605560215363ffffffff60006001f000000000000000000000000000000000000000000000000000000000000000000000",
            "storage": {}
          }
        }
      },
      {
        "indexes": {
          "data": 0,
          "gas": 1,
          "value": 0
        },
        "network": [
          ">=Cancun"
        ],
        "expectException": null,
        "result": {
          "0x2ADC25665018Aa1FE0E6BC666DaC8Fc2697fF9bA": {
            "shouldnotexist": "1"
          },
          "0x1000000000000000000000000000000000000000": {
            "nonce": "0x00",
            "balance": "0x64",
            "code": "0x7f6001600155601080600c6000396000f3006000355415600957005b60203560006000526035602053605560215363ffffffff60006001f000000000000000000000000000000000000000000000000000000000000000000000",
            "storage": {}
          }
        }
      }
    ]
  }
}