{
  "testName": "tests/GeneralStateTests/stMemoryTest/stackLimitGas_1023.json",
  "stackLimitGas_1023": {
    "expect": [
      {
        "indexes": {
          "data": 0,
          "gas": 0,
          "value": 0
        },
        "network": [
          ">=Shanghai"
        ],
        "expectException": null,
        "result": {
          "0x2ADC25665018Aa1FE0E6BC666DaC8Fc2697fF9bA": {
            "shouldnotexist": "1"
          },
          "0x0f572e5295c57F15886F9b263E2f6d2d6c7b5ec6": {
            "nonce": "0x00",
            "balance": "0x0de0b6b3a764000a",
            "code": "0x6103fd6000525b5a6001600051036000526000516006570000000000000000000000000000000000000000000000000000000000000000000000",
            "storage": {}
          }
        }
      },
      {
        "indexes": {
          "data": 0,
          "gas": 0,
          "value": 0
        },
        "network": [
          ">=Cancun"
        ],
        "expectException": null,
        "result": {
          "0x2ADC25665018Aa1FE0E6BC666DaC8Fc2697fF9bA": {
            "shouldnotexist": "1"
          },
          "0x0f572e5295c57F15886F9b263E2f6d2d6c7b5ec6": {
            "nonce": "0x00",
            "balance": "0x0de0b6b3a764000a",
            "code": "0x6103fd6000525b5a6001600051036000526000516006570000000000000000000000000000000000000000000000000000000000000000000000",
            "storage": {}
          }
        }
      }
    ]
  }
}