{
  "testName": "tests/GeneralStateTests/stPreCompiledContracts2/CallRipemd160_3_postfixed0.json",
  "CallRipemd160_3_postfixed0": {
    "expect": [
      {
        "indexes": {
          "data": 0,
          "gas": 0,
          "value": 0
        },
        "network": [
          ">=Shanghai"
        ],
        "expectException": null,
        "result": {
          "0x2ADC25665018Aa1FE0E6BC666DaC8Fc2697fF9bA": {
            "shouldnotexist": "1"
          },
          "0x0000000000000000000000000000000000000003": {
            "shouldnotexist": "1"
          },
          "0x095E7BAea6a6c7c4c2DfeB977eFac326aF552d87": {
            "nonce": "0x00",
            "balance": "0x0132b3a0",
            "code": "0x65f34578907f00600052602060006025600060006003611770f160025560005160005500000000000000000000000000000000000000000000000000000000000000000000",
            "storage": {
              "0x02": "0x01",
              "0x00": "0x7730b4642169b0f16752696da8da830a4b429c9d"
            }
          }
        }
      },
      {
        "indexes": {
          "data": 0,
          "gas": 0,
          "value": 0
        },
        "network": [
          ">=Cancun"
        ],
        "expectException": null,
        "result": {
          "0x0000000000000000000000000000000000000003": {
            "shouldnotexist": "1"
          },
          "0x095E7BAea6a6c7c4c2DfeB977eFac326aF552d87": {
            "nonce": "0x00",
            "balance": "0x0132b3a0",
            "code": "0x65f34578907f00600052602060006025600060006003611770f160025560005160005500000000000000000000000000000000000000000000000000000000000000000000",
            "storage": {
              "0x02": "0x01",
              "0x00": "0x7730b4642169b0f16752696da8da830a4b429c9d"
            }
          },
          "0x2ADC25665018Aa1FE0E6BC666DaC8Fc2697fF9bA": {
            "shouldnotexist": "1"
          }
        }
      }
    ]
  }
}