{
  "testName": "tests/GeneralStateTests/stPreCompiledContracts2/CALLCODEIdentitiy_0.json",
  "CALLCODEIdentitiy_0": {
    "expect": [
      {
        "indexes": {
          "data": 0,
          "gas": 0,
          "value": 0
        },
        "network": [
          ">=Shanghai"
        ],
        "expectException": null,
        "result": {
          "0x2ADC25665018Aa1FE0E6BC666DaC8Fc2697fF9bA": {
            "shouldnotexist": "1"
          },
          "0x0000000000000000000000000000000000000004": {
            "shouldnotexist": "1"
          },
          "0x095E7BAea6a6c7c4c2DfeB977eFac326aF552d87": {
            "nonce": "0x00",
            "balance": "0x0132b3a0",
            "code": "0x600160005260206000602060006000600460fff2600051600055000000000000000000000000000000000000000000000000000000000000000000",
            "storage": {
              "0x00": "0x01"
            }
          }
        }
      },
      {
        "indexes": {
          "data": 0,
          "gas": 0,
          "value": 0
        },
        "network": [
          ">=Cancun"
        ],
        "expectException": null,
        "result": {
          "0x0000000000000000000000000000000000000004": {
            "shouldnotexist": "1"
          },
          "0x095E7BAea6a6c7c4c2DfeB977eFac326aF552d87": {
            "nonce": "0x00",
            "balance": "0x0132b3a0",
            "code": "0x600160005260206000602060006000600460fff2600051600055000000000000000000000000000000000000000000000000000000000000000000",
            "storage": {
              "0x00": "0x01"
            }
          },
          "0x2ADC25665018Aa1FE0E6BC666DaC8Fc2697fF9bA": {
            "shouldnotexist": "1"
          }
        }
      }
    ]
  }
}