{
  "testName": "tests/GeneralStateTests/stPreCompiledContracts/identity_to_smaller.json",
  "identity_to_smaller": {
    "expect": [
      {
        "indexes": {
          "data": 0,
          "gas": 0,
          "value": 0
        },
        "network": [
          ">=Shanghai"
        ],
        "expectException": null,
        "result": {
          "0x82A978B3f5962A5b0957d9ee9eEf472EE55B42F1": {
            "nonce": "0x02",
            "balance": "0x0de0b6b3a75b644e",
            "storage": {}
          },
          "0x0000000000000000000000000000000000000004": {
            "shouldnotexist": "1"
          },
          "0x3535353535353535353535353535353535353535": {
            "shouldnotexist": "1"
          },
          "0xc305c901078781C232A2a521C2aF7980f8385ee9": {
            "nonce": "0x21",
            "balance": "0x00",
            "code": "0x7f112233445566778899aabbccddeeff00112233445566778899aabbccddeeff00600052601060106020600060006004620186a0f1503d60005500000000000000000000000000000000000000000000000000000000000000000000",
            "storage": {
              "0x00": "0x20"
            }
          }
        }
      },
      {
        "indexes": {
          "data": 0,
          "gas": 0,
          "value": 0
        },
        "network": [
          ">=Cancun"
        ],
        "expectException": null,
        "result": {
          "0x0000000000000000000000000000000000000004": {
            "shouldnotexist": "1"
          },
          "0xc305c901078781C232A2a521C2aF7980f8385ee9": {
            "nonce": "0x21",
            "balance": "0x00",
            "code": "0x7f112233445566778899aabbccddeeff00112233445566778899aabbccddeeff00600052601060106020600060006004620186a0f1503d60005500000000000000000000000000000000000000000000000000000000000000000000",
            "storage": {
              "0x00": "0x20"
            }
          },
          "0x82A978B3f5962A5b0957d9ee9eEf472EE55B42F1": {
            "nonce": "0x02",
            "balance": "0x0de0b6b3a75b644e",
            "storage": {}
          },
          "0x3535353535353535353535353535353535353535": {
            "shouldnotexist": "1"
          }
        }
      }
    ]
  }
}