{
  "testName": "tests/GeneralStateTests/stPreCompiledContracts2/CALLCODEIdentity_5.json",
  "CALLCODEIdentity_5": {
    "expect": [
      {
        "indexes": {
          "data": 0,
          "gas": 0,
          "value": 0
        },
        "network": [
          ">=Shanghai"
        ],
        "expectException": null,
        "result": {
          "0x0000000000000000000000000000000000000004": {
            "shouldnotexist": "1"
          },
          "0x2ADC25665018Aa1FE0E6BC666DaC8Fc2697fF9bA": {
            "shouldnotexist": "1"
          },
          "0x095E7BAea6a6c7c4c2DfeB977eFac326aF552d87": {
            "nonce": "0x00",
            "balance": "0x0132b3a0",
            "code": "0x7fffffffffffffffffffffffffffffffffffffffffffffffffffffffffffffffff60005260206000620f4240600060006004610258f260025560005160005500000000000000000000000000000000000000000000000000000000000000000000",
            "storage": {
              "0x00": "0xffffffffffffffffffffffffffffffffffffffffffffffffffffffffffffffff",
              "0x02": "0x00"
            }
          }
        }
      },
      {
        "indexes": {
          "data": 0,
          "gas": 0,
          "value": 0
        },
        "network": [
          ">=Cancun"
        ],
        "expectException": null,
        "result": {
          "0x2ADC25665018Aa1FE0E6BC666DaC8Fc2697fF9bA": {
            "shouldnotexist": "1"
          },
          "0x0000000000000000000000000000000000000004": {
            "shouldnotexist": "1"
          },
          "0x095E7BAea6a6c7c4c2DfeB977eFac326aF552d87": {
            "nonce": "0x00",
            "balance": "0x0132b3a0",
            "code": "0x7fffffffffffffffffffffffffffffffffffffffffffffffffffffffffffffffff60005260206000620f4240600060006004610258f260025560005160005500000000000000000000000000000000000000000000000000000000000000000000",
            "storage": {
              "0x00": "0xffffffffffffffffffffffffffffffffffffffffffffffffffffffffffffffff",
              "0x02": "0x00"
            }
          }
        }
      }
    ]
  }
}