{
  "testName": "tests/GeneralStateTests/stQuadraticComplexityTest/Create1000Byzantium.json",
  "Create1000Byzantium": {
    "expect": [
      {
        "indexes": {
          "data": 0,
          "gas": 0,
          "value": 0
        },
        "network": [
          ">=Cancun"
        ],
        "expectException": null,
        "result": {
          "0xbBbF5374FCE5Edbc8e2a8697c15331677e6EBf0B": {
            "nonce": "0x00",
            "balance": "0x0fffffffffffff",
            "code": "0x5b6103e8608051101560235761c35060006001f06000556001608051016080526000565b60805160015500000000000000000000000000000000000000000000000000000000000000000000",
            "storage": {}
          },
          "0xb94f5374fCe5EDbc8E2A8697c15331677E6EBf0B": {
            "shouldnotexist": "1"
          }
        }
      },
      {
        "indexes": {
          "data": 0,
          "gas": 0,
          "value": 0
        },
        "network": [
          ">=Shanghai"
        ],
        "expectException": null,
        "result": {
          "0xbBbF5374FCE5Edbc8e2a8697c15331677e6EBf0B": {
            "nonce": "0x00",
            "balance": "0x0fffffffffffff",
            "code": "0x5b6103e8608051101560235761c35060006001f06000556001608051016080526000565b60805160015500000000000000000000000000000000000000000000000000000000000000000000",
            "storage": {}
          },
          "0xb94f5374fCe5EDbc8E2A8697c15331677E6EBf0B": {
            "shouldnotexist": "1"
          }
        }
      }
    ]
  }
}