{
  "testName": "tests/GeneralStateTests/stQuadraticComplexityTest/Call50000_identity.json",
  "Call50000_identity": {
    "expect": [
      {
        "indexes": {
          "data": 0,
          "gas": 1,
          "value": 0
        },
        "network": [
          ">=Shanghai"
        ],
        "expectException": null,
        "result": {
          "0x0000000000000000000000000000000000000004": {
            "shouldnotexist": "1"
          },
          "0xbBbF5374FCE5Edbc8e2a8697c15331677e6EBf0B": {
            "nonce": "0x00",
            "balance": "0x0fffffffffffff",
            "code": "0x5b61c3506080511015602c576000600061c35060006001600461061cf16000556001608051016080526000565b60805160015500000000000000000000000000000000000000000000000000000000000000000000",
            "storage": {
              "0x00": "0x00"
            }
          },
          "0xb94f5374fCe5EDbc8E2A8697c15331677E6EBf0B": {
            "shouldnotexist": "1"
          }
        }
      },
      {
        "indexes": {
          "data": 0,
          "gas": 0,
          "value": 0
        },
        "network": [
          ">=Shanghai"
        ],
        "expectException": null,
        "result": {
          "0xbBbF5374FCE5Edbc8e2a8697c15331677e6EBf0B": {
            "nonce": "0x00",
            "balance": "0x0fffffffffffff",
            "code": "0x5b61c3506080511015602c576000600061c35060006001600461061cf16000556001608051016080526000565b60805160015500000000000000000000000000000000000000000000000000000000000000000000",
            "storage": {
              "0x00": "0x00"
            }
          },
          "0x0000000000000000000000000000000000000004": {
            "shouldnotexist": "1"
          },
          "0xb94f5374fCe5EDbc8E2A8697c15331677E6EBf0B": {
            "shouldnotexist": "1"
          }
        }
      },
      {
        "indexes": {
          "data": 0,
          "gas": 1,
          "value": 0
        },
        "network": [
          ">=Cancun"
        ],
        "expectException": null,
        "result": {
          "0xbBbF5374FCE5Edbc8e2a8697c15331677e6EBf0B": {
            "nonce": "0x00",
            "balance": "0x0fffffffffffff",
            "code": "0x5b61c3506080511015602c576000600061c35060006001600461061cf16000556001608051016080526000565b60805160015500000000000000000000000000000000000000000000000000000000000000000000",
            "storage": {
              "0x00": "0x00"
            }
          },
          "0x0000000000000000000000000000000000000004": {
            "shouldnotexist": "1"
          },
          "0xb94f5374fCe5EDbc8E2A8697c15331677E6EBf0B": {
            "shouldnotexist": "1"
          }
        }
      },
      {
        "indexes": {
          "data": 0,
          "gas": 0,
          "value": 0
        },
        "network": [
          ">=Cancun"
        ],
        "expectException": null,
        "result": {
          "0xbBbF5374FCE5Edbc8e2a8697c15331677e6EBf0B": {
            "nonce": "0x00",
            "balance": "0x0fffffffffffff",
            "code": "0x5b61c3506080511015602c576000600061c35060006001600461061cf16000556001608051016080526000565b60805160015500000000000000000000000000000000000000000000000000000000000000000000",
            "storage": {
              "0x00": "0x00"
            }
          },
          "0x0000000000000000000000000000000000000004": {
            "shouldnotexist": "1"
          },
          "0xb94f5374fCe5EDbc8E2A8697c15331677E6EBf0B": {
            "shouldnotexist": "1"
          }
        }
      }
    ]
  }
}