{
  "testName": "tests/GeneralStateTests/stRandom2/randomStatetest577.json",
  "randomStatetest577": {
    "expect": [
      {
        "indexes": {
          "data": 0,
          "gas": 0,
          "value": 0
        },
        "network": [
          ">=Cancun"
        ],
        "expectException": null,
        "result": {
          "0x095E7BAea6a6c7c4c2DfeB977eFac326aF552d87": {
            "nonce": "0x00",
            "balance": "0x0de0b6b3a76586a0",
            "code": "0x45414344434244413155000000000000000000000000000000000000000000000000000000000000000000",
            "storage": {
              "0x2e": "0x020000"
            }
          },
          "0x945304Eb96065B2A98B57a48a06ae28D285a71B5": {
            "nonce": "0x00",
            "balance": "0x2e",
            "code": "0x6000355415600957005b60203560003555000000000000000000000000000000000000000000000000000000000000000000",
            "storage": {}
          }
        }
      },
      {
        "indexes": {
          "data": 0,
          "gas": 0,
          "value": 0
        },
        "network": [
          ">=Shanghai"
        ],
        "expectException": null,
        "result": {
          "0x095E7BAea6a6c7c4c2DfeB977eFac326aF552d87": {
            "nonce": "0x00",
            "balance": "0x0de0b6b3a76586a0",
            "code": "0x45414344434244413155000000000000000000000000000000000000000000000000000000000000000000",
            "storage": {
              "0x2e": "0x020000"
            }
          },
          "0x945304Eb96065B2A98B57a48a06ae28D285a71B5": {
            "nonce": "0x00",
            "balance": "0x2e",
            "code": "0x6000355415600957005b60203560003555000000000000000000000000000000000000000000000000000000000000000000",
            "storage": {}
          }
        }
      }
    ]
  }
}