{
  "testName": "tests/GeneralStateTests/stRefundTest/refundFF.json",
  "refundFF": {
    "expect": [
      {
        "indexes": {
          "data": 0,
          "gas": 0,
          "value": 0
        },
        "network": [
          ">=Cancun"
        ],
        "expectException": null,
        "result": {
          "0xCcCCccccCCCCcCCCCCCcCcCccCcCCCcCcccccccC": {
            "nonce": "0x01",
            "balance": "0x00",
            "code": "0x73ddddddddddddddddddddddddddddddddddddddddff000000000000000000000000000000000000000000000000000000000000000000",
            "storage": {}
          },
          "0xa94f5374Fce5edBC8E2a8697C15331677e6EbF0B": {
            "nonce": "0x02",
            "balance": "0xe8d4a51000",
            "storage": {}
          },
          "0xDDdDddDdDdddDDddDDddDDDDdDdDDdDDdDDDDDDd": {
            "nonce": "0x01",
            "balance": "0x00",
            "storage": {}
          },
          "0x2ADC25665018Aa1FE0E6BC666DaC8Fc2697fF9bA": {
            "shouldnotexist": "1"
          }
        }
      },
      {
        "indexes": {
          "data": 0,
          "gas": 0,
          "value": 0
        },
        "network": [
          ">=Shanghai"
        ],
        "expectException": null,
        "result": {
          "0x2ADC25665018Aa1FE0E6BC666DaC8Fc2697fF9bA": {
            "shouldnotexist": "1"
          },
          "0xDDdDddDdDdddDDddDDddDDDDdDdDDdDDdDDDDDDd": {
            "nonce": "0x01",
            "balance": "0x00",
            "storage": {}
          },
          "0xCcCCccccCCCCcCCCCCCcCcCccCcCCCcCcccccccC": {
            "shouldnotexist": "1"
          },
          "0xa94f5374Fce5edBC8E2a8697C15331677e6EbF0B": {
            "nonce": "0x02",
            "balance": "0xe8d4a51000",
            "storage": {}
          }
        }
      }
    ]
  }
}