{
  "testName": "tests/GeneralStateTests/stReturnDataTest/returndatacopy_following_call.json",
  "returndatacopy_following_call": {
    "expect": [
      {
        "indexes": {
          "data": 0,
          "gas": 0,
          "value": 0
        },
        "network": [
          ">=Shanghai"
        ],
        "expectException": null,
        "result": {
          "0x0AaBbCCDD5C57f15886F9B263E2F6D2D6C7B5Ec6": {
            "nonce": "0x00",
            "balance": "0x00",
            "code": "0x7d111122223333444455556666777788889999aaaabbbbccccddddeeeeffff60005260206000f300000000000000000000000000000000000000000000000000000000000000000000",
            "storage": {}
          },
          "0x0f572e5295c57F15886F9b263E2f6d2d6c7b5ec6": {
            "nonce": "0x00",
            "balance": "0x00",
            "code": "0x60006000600060006000730aabbccdd5c57f15886f9b263e2f6d2d6c7b5ec6640900000000f1506020600060003e60005160005500000000000000000000000000000000000000000000000000000000000000000000",
            "storage": {
              "0x00": "0x111122223333444455556666777788889999aaaabbbbccccddddeeeeffff"
            }
          },
          "0x2ADC25665018Aa1FE0E6BC666DaC8Fc2697fF9bA": {
            "shouldnotexist": "1"
          }
        }
      },
      {
        "indexes": {
          "data": 0,
          "gas": 0,
          "value": 0
        },
        "network": [
          ">=Cancun"
        ],
        "expectException": null,
        "result": {
          "0x2ADC25665018Aa1FE0E6BC666DaC8Fc2697fF9bA": {
            "shouldnotexist": "1"
          },
          "0x0f572e5295c57F15886F9b263E2f6d2d6c7b5ec6": {
            "nonce": "0x00",
            "balance": "0x00",
            "code": "0x60006000600060006000730aabbccdd5c57f15886f9b263e2f6d2d6c7b5ec6640900000000f1506020600060003e60005160005500000000000000000000000000000000000000000000000000000000000000000000",
            "storage": {
              "0x00": "0x111122223333444455556666777788889999aaaabbbbccccddddeeeeffff"
            }
          },
          "0x0AaBbCCDD5C57f15886F9B263E2F6D2D6C7B5Ec6": {
            "nonce": "0x00",
            "balance": "0x00",
            "code": "0x7d111122223333444455556666777788889999aaaabbbbccccddddeeeeffff60005260206000f300000000000000000000000000000000000000000000000000000000000000000000",
            "storage": {}
          }
        }
      }
    ]
  }
}