{
  "testName": "tests/GeneralStateTests/stReturnDataTest/returndatacopy_afterFailing_create.json",
  "returndatacopy_afterFailing_create": {
    "expect": [
      {
        "indexes": {
          "data": 0,
          "gas": 0,
          "value": 0
        },
        "network": [
          ">=Shanghai"
        ],
        "expectException": null,
        "result": {
          "0x2ADC25665018Aa1FE0E6BC666DaC8Fc2697fF9bA": {
            "shouldnotexist": "1"
          },
          "0x945304Eb96065B2A98B57a48a06ae28D285a71B5": {
            "shouldnotexist": "1"
          },
          "0x0f572e5295c57F15886F9b263E2f6d2d6c7b5ec6": {
            "nonce": "0x01",
            "balance": "0x00",
            "code": "0x69600260005260206000fd600052600a60166000f0503d6000556020600060003e60005160015500000000000000000000000000000000000000000000000000000000000000000000",
            "storage": {
              "0x00": "0x20",
              "0x01": "0x02"
            }
          }
        }
      },
      {
        "indexes": {
          "data": 0,
          "gas": 0,
          "value": 0
        },
        "network": [
          ">=Cancun"
        ],
        "expectException": null,
        "result": {
          "0x2ADC25665018Aa1FE0E6BC666DaC8Fc2697fF9bA": {
            "shouldnotexist": "1"
          },
          "0x0f572e5295c57F15886F9b263E2f6d2d6c7b5ec6": {
            "nonce": "0x01",
            "balance": "0x00",
            "code": "0x69600260005260206000fd600052600a60166000f0503d6000556020600060003e60005160015500000000000000000000000000000000000000000000000000000000000000000000",
            "storage": {
              "0x00": "0x20",
              "0x01": "0x02"
            }
          },
          "0x945304Eb96065B2A98B57a48a06ae28D285a71B5": {
            "shouldnotexist": "1"
          }
        }
      }
    ]
  }
}