{
  "testName": "tests/GeneralStateTests/stRefundTest/refund600.json",
  "refund600": {
    "expect": [
      {
        "indexes": {
          "data": 0,
          "gas": 0,
          "value": 0
        },
        "network": [
          ">=Shanghai"
        ],
        "expectException": null,
        "result": {
          "0x2ADC25665018Aa1FE0E6BC666DaC8Fc2697fF9bA": {
            "nonce": "0x01",
            "balance": "0x00",
            "storage": {}
          },
          "0x095E7BAea6a6c7c4c2DfeB977eFac326aF552d87": {
            "nonce": "0x00",
            "balance": "0x0de0b6b3a7640000",
            "code": "0x600154506002545061ffff60020a600a553031600b5560006001556000600255600060035560006004556000600555600060065500000000000000000000000000000000000000000000000000000000000000000000",
            "storage": {
              "0x03": "0x00",
              "0x06": "0x00",
              "0x02": "0x00",
              "0x04": "0x00",
              "0x0b": "0x0de0b6b3a7640000",
              "0x05": "0x00",
              "0x01": "0x00",
              "0x0a": "0x00"
            }
          }
        }
      },
      {
        "indexes": {
          "data": 0,
          "gas": 0,
          "value": 0
        },
        "network": [
          ">=Cancun"
        ],
        "expectException": null,
        "result": {
          "0x095E7BAea6a6c7c4c2DfeB977eFac326aF552d87": {
            "nonce": "0x00",
            "balance": "0x0de0b6b3a7640000",
            "code": "0x600154506002545061ffff60020a600a553031600b5560006001556000600255600060035560006004556000600555600060065500000000000000000000000000000000000000000000000000000000000000000000",
            "storage": {
              "0x0a": "0x00",
              "0x05": "0x00",
              "0x01": "0x00",
              "0x04": "0x00",
              "0x02": "0x00",
              "0x03": "0x00",
              "0x0b": "0x0de0b6b3a7640000",
              "0x06": "0x00"
            }
          },
          "0x2ADC25665018Aa1FE0E6BC666DaC8Fc2697fF9bA": {
            "nonce": "0x01",
            "balance": "0x00",
            "storage": {}
          }
        }
      }
    ]
  }
}