{
  "testName": "tests/GeneralStateTests/stReturnDataTest/returndatasize_after_successful_delegatecall.json",
  "returndatasize_after_successful_delegatecall": {
    "expect": [
      {
        "indexes": {
          "data": 0,
          "gas": 0,
          "value": 0
        },
        "network": [
          ">=Shanghai"
        ],
        "expectException": null,
        "result": {
          "0x2ADC25665018Aa1FE0E6BC666DaC8Fc2697fF9bA": {
            "shouldnotexist": "1"
          },
          "0x0f572e5295c57F15886F9b263E2f6d2d6c7b5ec6": {
            "nonce": "0x00",
            "balance": "0x00",
            "code": "0x600060006000600073100000000000000000000000000000000000000261ea60f4503d60005500000000000000000000000000000000000000000000000000000000000000000000",
            "storage": {
              "0x00": "0x14"
            }
          },
          "0x1000000000000000000000000000000000000002": {
            "nonce": "0x00",
            "balance": "0x6400000000",
            "code": "0x3360005260146000f300000000000000000000000000000000000000000000000000000000000000000000",
            "storage": {}
          }
        }
      },
      {
        "indexes": {
          "data": 0,
          "gas": 0,
          "value": 0
        },
        "network": [
          ">=Cancun"
        ],
        "expectException": null,
        "result": {
          "0x2ADC25665018Aa1FE0E6BC666DaC8Fc2697fF9bA": {
            "shouldnotexist": "1"
          },
          "0x0f572e5295c57F15886F9b263E2f6d2d6c7b5ec6": {
            "nonce": "0x00",
            "balance": "0x00",
            "code": "0x600060006000600073100000000000000000000000000000000000000261ea60f4503d60005500000000000000000000000000000000000000000000000000000000000000000000",
            "storage": {
              "0x00": "0x14"
            }
          },
          "0x1000000000000000000000000000000000000002": {
            "nonce": "0x00",
            "balance": "0x6400000000",
            "code": "0x3360005260146000f300000000000000000000000000000000000000000000000000000000000000000000",
            "storage": {}
          }
        }
      }
    ]
  }
}