{
  "testName": "tests/GeneralStateTests/stRefundTest/refund_TxToSuicide.json",
  "refund_TxToSuicide": {
    "expect": [
      {
        "indexes": {
          "data": 0,
          "gas": 0,
          "value": 0
        },
        "network": [
          ">=Shanghai"
        ],
        "expectException": null,
        "result": {
          "0xAAAe7BAEA6A6c7C4C2DFeB977EFaC326Af552AAA": {
            "shouldnotexist": "1"
          },
          "0x2ADC25665018Aa1FE0E6BC666DaC8Fc2697fF9bA": {
            "nonce": "0x01",
            "balance": "0x00",
            "storage": {}
          }
        }
      },
      {
        "indexes": {
          "data": 0,
          "gas": 0,
          "value": 0
        },
        "network": [
          ">=Cancun"
        ],
        "expectException": null,
        "result": {
          "0xAAAe7BAEA6A6c7C4C2DFeB977EFaC326Af552AAA": {
            "nonce": "0x00",
            "balance": "0x00",
            "code": "0x73095e7baea6a6c7c4c2dfeb977efac326af552d87ff00000000000000000000000000000000000000000000000000000000000000000000",
            "storage": {
              "0x01": "0x01"
            }
          },
          "0x2ADC25665018Aa1FE0E6BC666DaC8Fc2697fF9bA": {
            "nonce": "0x01",
            "balance": "0x00",
            "storage": {}
          }
        }
      }
    ]
  }
}