{
  "testName": "tests/GeneralStateTests/stReturnDataTest/returndatasize_after_failing_callcode.json",
  "returndatasize_after_failing_callcode": {
    "expect": [
      {
        "indexes": {
          "data": 0,
          "gas": 0,
          "value": 0
        },
        "network": [
          ">=Cancun"
        ],
        "expectException": null,
        "result": {
          "0x0f572e5295c57F15886F9b263E2f6d2d6c7b5ec6": {
            "nonce": "0x00",
            "balance": "0x10000000",
            "storage": {}
          },
          "0x1000000000000000000000000000000000000001": {
            "nonce": "0x00",
            "balance": "0x00",
            "code": "0x60006000600060006000731000000000000000000000000000000000000002620186a0f2503d60005500000000000000000000000000000000000000000000000000000000000000000000",
            "storage": {
              "0x00": "0x00"
            }
          },
          "0x1000000000000000000000000000000000000002": {
            "nonce": "0x00",
            "balance": "0x6400000000",
            "code": "0xfd000000000000000000000000000000000000000000000000000000000000000000",
            "storage": {}
          },
          "0x2ADC25665018Aa1FE0E6BC666DaC8Fc2697fF9bA": {
            "shouldnotexist": "1"
          }
        }
      },
      {
        "indexes": {
          "data": 0,
          "gas": 0,
          "value": 0
        },
        "network": [
          ">=Shanghai"
        ],
        "expectException": null,
        "result": {
          "0x2ADC25665018Aa1FE0E6BC666DaC8Fc2697fF9bA": {
            "shouldnotexist": "1"
          },
          "0x1000000000000000000000000000000000000002": {
            "nonce": "0x00",
            "balance": "0x6400000000",
            "code": "0xfd000000000000000000000000000000000000000000000000000000000000000000",
            "storage": {}
          },
          "0x0f572e5295c57F15886F9b263E2f6d2d6c7b5ec6": {
            "nonce": "0x00",
            "balance": "0x10000000",
            "storage": {}
          },
          "0x1000000000000000000000000000000000000001": {
            "nonce": "0x00",
            "balance": "0x00",
            "code": "0x60006000600060006000731000000000000000000000000000000000000002620186a0f2503d60005500000000000000000000000000000000000000000000000000000000000000000000",
            "storage": {
              "0x00": "0x00"
            }
          }
        }
      }
    ]
  }
}