{
  "testName": "tests/GeneralStateTests/stRefundTest/refundMax.json",
  "refundMax": {
    "expect": [
      {
        "indexes": {
          "data": 0,
          "gas": 0,
          "value": 0
        },
        "network": [
          ">=Shanghai"
        ],
        "expectException": null,
        "result": {
          "0xCcCCccccCCCCcCCCCCCcCcCccCcCCCcCcccccccC": {
            "nonce": "0x01",
            "balance": "0x0de0b6b3a7640000",
            "code": "0x60008060005580600155806002558060035580600455806005558060065560075500000000000000000000000000000000000000000000000000000000000000000000",
            "storage": {
              "0x04": "0x00",
              "0x05": "0x00",
              "0x01": "0x00",
              "0x02": "0x00",
              "0x07": "0x00",
              "0x03": "0x00",
              "0x06": "0x00",
              "0x00": "0x00"
            }
          },
          "0x2ADC25665018Aa1FE0E6BC666DaC8Fc2697fF9bA": {
            "shouldnotexist": "1"
          },
          "0xa94f5374Fce5edBC8E2a8697C15331677e6EbF0B": {
            "nonce": "0x02",
            "balance": "0xe8d55f7e90",
            "storage": {}
          }
        }
      },
      {
        "indexes": {
          "data": 0,
          "gas": 0,
          "value": 0
        },
        "network": [
          ">=Cancun"
        ],
        "expectException": null,
        "result": {
          "0x2ADC25665018Aa1FE0E6BC666DaC8Fc2697fF9bA": {
            "shouldnotexist": "1"
          },
          "0xa94f5374Fce5edBC8E2a8697C15331677e6EbF0B": {
            "nonce": "0x02",
            "balance": "0xe8d55f7e90",
            "storage": {}
          },
          "0xCcCCccccCCCCcCCCCCCcCcCccCcCCCcCcccccccC": {
            "nonce": "0x01",
            "balance": "0x0de0b6b3a7640000",
            "code": "0x60008060005580600155806002558060035580600455806005558060065560075500000000000000000000000000000000000000000000000000000000000000000000",
            "storage": {
              "0x01": "0x00",
              "0x06": "0x00",
              "0x03": "0x00",
              "0x02": "0x00",
              "0x05": "0x00",
              "0x00": "0x00",
              "0x04": "0x00",
              "0x07": "0x00"
            }
          }
        }
      }
    ]
  }
}