{
  "testName": "tests/GeneralStateTests/stRevertTest/RevertOpcodeDirectCall.json",
  "RevertOpcodeDirectCall": {
    "expect": [
      {
        "indexes": {
          "data": 0,
          "gas": 0,
          "value": 0
        },
        "network": [
          ">=Shanghai"
        ],
        "expectException": null,
        "result": {
          "0xb94f5374fCe5EDbc8E2A8697c15331677E6EBf0B": {
            "nonce": "0x00",
            "balance": "0x01",
            "code": "0x6000600060006000600073c94f5374fce5edbc8e2a8697c15331677e6ebf0b61c350f1600055600e60025500000000000000000000000000000000000000000000000000000000000000000000",
            "storage": {
              "0x02": "0x0e",
              "0x00": "0x00"
            }
          },
          "0xc94f5374fCe5eDBc8e2a8697C15331677E6EBF0B": {
            "nonce": "0x00",
            "balance": "0x01",
            "code": "0x600c60015560016000fd600d60035500000000000000000000000000000000000000000000000000000000000000000000",
            "storage": {
              "0x01": "0x00"
            }
          },
          "0x094F5374FCE5EdbC8E2A8697C15331677E6eBF0B": {
            "nonce": "0x00",
            "balance": "0x01",
            "code": "0x6000600060006000600060003561ea60f1600a5500000000000000000000000000000000000000000000000000000000000000000000",
            "storage": {}
          },
          "0x2ADC25665018Aa1FE0E6BC666DaC8Fc2697fF9bA": {
            "shouldnotexist": "1"
          }
        }
      },
      {
        "indexes": {
          "data": 0,
          "gas": 1,
          "value": 0
        },
        "network": [
          ">=Shanghai"
        ],
        "expectException": null,
        "result": {
          "0xc94f5374fCe5eDBc8e2a8697C15331677E6EBF0B": {
            "nonce": "0x00",
            "balance": "0x01",
            "code": "0x600c60015560016000fd600d60035500000000000000000000000000000000000000000000000000000000000000000000",
            "storage": {
              "0x01": "0x00"
            }
          },
          "0x2ADC25665018Aa1FE0E6BC666DaC8Fc2697fF9bA": {
            "shouldnotexist": "1"
          },
          "0x094F5374FCE5EdbC8E2A8697C15331677E6eBF0B": {
            "nonce": "0x00",
            "balance": "0x01",
            "code": "0x6000600060006000600060003561ea60f1600a5500000000000000000000000000000000000000000000000000000000000000000000",
            "storage": {}
          },
          "0xb94f5374fCe5EDbc8E2A8697c15331677E6EBf0B": {
            "nonce": "0x00",
            "balance": "0x01",
            "code": "0x6000600060006000600073c94f5374fce5edbc8e2a8697c15331677e6ebf0b61c350f1600055600e60025500000000000000000000000000000000000000000000000000000000000000000000",
            "storage": {
              "0x02": "0x00",
              "0x00": "0x00"
            }
          }
        }
      },
      {
        "indexes": {
          "data": 0,
          "gas": 0,
          "value": 0
        },
        "network": [
          ">=Cancun"
        ],
        "expectException": null,
        "result": {
          "0xc94f5374fCe5eDBc8e2a8697C15331677E6EBF0B": {
            "nonce": "0x00",
            "balance": "0x01",
            "code": "0x600c60015560016000fd600d60035500000000000000000000000000000000000000000000000000000000000000000000",
            "storage": {
              "0x01": "0x00"
            }
          },
          "0x2ADC25665018Aa1FE0E6BC666DaC8Fc2697fF9bA": {
            "shouldnotexist": "1"
          },
          "0x094F5374FCE5EdbC8E2A8697C15331677E6eBF0B": {
            "nonce": "0x00",
            "balance": "0x01",
            "code": "0x6000600060006000600060003561ea60f1600a5500000000000000000000000000000000000000000000000000000000000000000000",
            "storage": {}
          },
          "0xb94f5374fCe5EDbc8E2A8697c15331677E6EBf0B": {
            "nonce": "0x00",
            "balance": "0x01",
            "code": "0x6000600060006000600073c94f5374fce5edbc8e2a8697c15331677e6ebf0b61c350f1600055600e60025500000000000000000000000000000000000000000000000000000000000000000000",
            "storage": {
              "0x00": "0x00",
              "0x02": "0x0e"
            }
          }
        }
      },
      {
        "indexes": {
          "data": 0,
          "gas": 1,
          "value": 0
        },
        "network": [
          ">=Cancun"
        ],
        "expectException": null,
        "result": {
          "0x2ADC25665018Aa1FE0E6BC666DaC8Fc2697fF9bA": {
            "shouldnotexist": "1"
          },
          "0x094F5374FCE5EdbC8E2A8697C15331677E6eBF0B": {
            "nonce": "0x00",
            "balance": "0x01",
            "code": "0x6000600060006000600060003561ea60f1600a5500000000000000000000000000000000000000000000000000000000000000000000",
            "storage": {}
          },
          "0xc94f5374fCe5eDBc8e2a8697C15331677E6EBF0B": {
            "nonce": "0x00",
            "balance": "0x01",
            "code": "0x600c60015560016000fd600d60035500000000000000000000000000000000000000000000000000000000000000000000",
            "storage": {
              "0x01": "0x00"
            }
          },
          "0xb94f5374fCe5EDbc8E2A8697c15331677E6EBf0B": {
            "nonce": "0x00",
            "balance": "0x01",
            "code": "0x6000600060006000600073c94f5374fce5edbc8e2a8697c15331677e6ebf0b61c350f1600055600e60025500000000000000000000000000000000000000000000000000000000000000000000",
            "storage": {
              "0x00": "0x00",
              "0x02": "0x00"
            }
          }
        }
      }
    ]
  }
}