{
  "testName": "tests/GeneralStateTests/stSelfBalance/selfBalanceUpdate.json",
  "selfBalanceUpdate": {
    "expect": [
      {
        "indexes": {
          "data": 0,
          "gas": 0,
          "value": 0
        },
        "network": [
          ">=Cancun"
        ],
        "expectException": null,
        "result": {
          "0x2ADC25665018Aa1FE0E6BC666DaC8Fc2697fF9bA": {
            "shouldnotexist": "1"
          },
          "0x1000000000000000000000000000000000000000": {
            "nonce": "0x00",
            "balance": "0x01f3",
            "code": "0x47806001556000600060006000600160006000f1504780600255900360035500000000000000000000000000000000000000000000000000000000000000000000",
            "storage": {
              "0x03": "0x01",
              "0x02": "0x01f3",
              "0x01": "0x01f4"
            }
          }
        }
      },
      {
        "indexes": {
          "data": 0,
          "gas": 0,
          "value": 0
        },
        "network": [
          ">=Shanghai"
        ],
        "expectException": null,
        "result": {
          "0x2ADC25665018Aa1FE0E6BC666DaC8Fc2697fF9bA": {
            "shouldnotexist": "1"
          },
          "0x1000000000000000000000000000000000000000": {
            "nonce": "0x00",
            "balance": "0x01f3",
            "code": "0x47806001556000600060006000600160006000f1504780600255900360035500000000000000000000000000000000000000000000000000000000000000000000",
            "storage": {
              "0x01": "0x01f4",
              "0x03": "0x01",
              "0x02": "0x01f3"
            }
          }
        }
      }
    ]
  }
}