{
  "testName": "tests/GeneralStateTests/stShift/sar_2^256-1_256.json",
  "sar_2^256-1_256": {
    "expect": [
      {
        "indexes": {
          "data": 0,
          "gas": 0,
          "value": 0
        },
        "network": [
          ">=Shanghai"
        ],
        "expectException": null,
        "result": {
          "0x2ADC25665018Aa1FE0E6BC666DaC8Fc2697fF9bA": {
            "shouldnotexist": "1"
          },
          "0x095E7BAea6a6c7c4c2DfeB977eFac326aF552d87": {
            "nonce": "0x00",
            "balance": "0x0de0b6b3a76586a0",
            "code": "0x7fffffffffffffffffffffffffffffffffffffffffffffffffffffffffffffffff6101001d600055000000000000000000000000000000000000000000000000000000000000000000",
            "storage": {
              "0x00": "0xffffffffffffffffffffffffffffffffffffffffffffffffffffffffffffffff"
            }
          }
        }
      },
      {
        "indexes": {
          "data": 0,
          "gas": 0,
          "value": 0
        },
        "network": [
          ">=Cancun"
        ],
        "expectException": null,
        "result": {
          "0x2ADC25665018Aa1FE0E6BC666DaC8Fc2697fF9bA": {
            "shouldnotexist": "1"
          },
          "0x095E7BAea6a6c7c4c2DfeB977eFac326aF552d87": {
            "nonce": "0x00",
            "balance": "0x0de0b6b3a76586a0",
            "code": "0x7fffffffffffffffffffffffffffffffffffffffffffffffffffffffffffffffff6101001d600055000000000000000000000000000000000000000000000000000000000000000000",
            "storage": {
              "0x00": "0xffffffffffffffffffffffffffffffffffffffffffffffffffffffffffffffff"
            }
          }
        }
      }
    ]
  }
}