{
  "testName": "tests/GeneralStateTests/stSolidityTest/AmbiguousMethod.json",
  "AmbiguousMethod": {
    "expect": [
      {
        "indexes": {
          "data": 0,
          "gas": 0,
          "value": 0
        },
        "network": [
          ">=Shanghai"
        ],
        "expectException": null,
        "result": {
          "0x2ADC25665018Aa1FE0E6BC666DaC8Fc2697fF9bA": {
            "shouldnotexist": "1"
          },
          "0x095E7BAea6a6c7c4c2DfeB977eFac326aF552d87": {
            "nonce": "0x00",
            "balance": "0x0186a1",
            "code": "0x60003560e060020a90048063c040622614601557005b601b6021565b60006000f35b61014f60008190555056000000000000000000000000000000000000000000000000000000000000000000",
            "storage": {
              "0x00": "0x014f"
            }
          }
        }
      },
      {
        "indexes": {
          "data": 0,
          "gas": 0,
          "value": 0
        },
        "network": [
          ">=Cancun"
        ],
        "expectException": null,
        "result": {
          "0x095E7BAea6a6c7c4c2DfeB977eFac326aF552d87": {
            "nonce": "0x00",
            "balance": "0x0186a1",
            "code": "0x60003560e060020a90048063c040622614601557005b601b6021565b60006000f35b61014f60008190555056000000000000000000000000000000000000000000000000000000000000000000",
            "storage": {
              "0x00": "0x014f"
            }
          },
          "0x2ADC25665018Aa1FE0E6BC666DaC8Fc2697fF9bA": {
            "shouldnotexist": "1"
          }
        }
      }
    ]
  }
}