{
  "testName": "tests/GeneralStateTests/stStaticCall/static_CallRipemd160_1.json",
  "static_CallRipemd160_1": {
    "expect": [
      {
        "indexes": {
          "data": 0,
          "gas": 0,
          "value": 0
        },
        "network": [
          ">=Shanghai"
        ],
        "expectException": null,
        "result": {
          "0x2ADC25665018Aa1FE0E6BC666DaC8Fc2697fF9bA": {
            "shouldnotexist": "1"
          },
          "0x095E7BAea6a6c7c4c2DfeB977eFac326aF552d87": {
            "nonce": "0x00",
            "balance": "0x0132b3a0",
            "code": "0x60206000600060006003610258fa60025560005160005500000000000000000000000000000000000000000000000000000000000000000000",
            "storage": {
              "0x00": "0x9c1185a5c5e9fc54612808977ee8f548b2258d31",
              "0x02": "0x01"
            }
          },
          "0x0000000000000000000000000000000000000003": {
            "shouldnotexist": "1"
          }
        }
      },
      {
        "indexes": {
          "data": 0,
          "gas": 0,
          "value": 0
        },
        "network": [
          ">=Cancun"
        ],
        "expectException": null,
        "result": {
          "0x095E7BAea6a6c7c4c2DfeB977eFac326aF552d87": {
            "nonce": "0x00",
            "balance": "0x0132b3a0",
            "code": "0x60206000600060006003610258fa60025560005160005500000000000000000000000000000000000000000000000000000000000000000000",
            "storage": {
              "0x02": "0x01",
              "0x00": "0x9c1185a5c5e9fc54612808977ee8f548b2258d31"
            }
          },
          "0x2ADC25665018Aa1FE0E6BC666DaC8Fc2697fF9bA": {
            "shouldnotexist": "1"
          },
          "0x0000000000000000000000000000000000000003": {
            "shouldnotexist": "1"
          }
        }
      }
    ]
  }
}