{
  "testName": "tests/GeneralStateTests/stStaticCall/static_RevertOpcodeCalls.json",
  "static_RevertOpcodeCalls": {
    "expect": [
      {
        "indexes": {
          "data": 0,
          "gas": 1,
          "value": 0
        },
        "network": [
          ">=Cancun"
        ],
        "expectException": null,
        "result": {
          "0x094F5374FCE5EdbC8E2A8697C15331677E6eBF0B": {
            "nonce": "0x00",
            "balance": "0x01",
            "code": "0x600060006000600073c94f5374fce5edbc8e2a8697c15331677e6ebf0b61c350fa6000553d60015500000000000000000000000000000000000000000000000000000000000000000000",
            "storage": {
              "0x00": "0x00",
              "0x01": "0x01"
            }
          },
          "0x2ADC25665018Aa1FE0E6BC666DaC8Fc2697fF9bA": {
            "shouldnotexist": "1"
          },
          "0xc94f5374fCe5eDBc8e2a8697C15331677E6EBF0B": {
            "nonce": "0x00",
            "balance": "0x01",
            "code": "0x60016000fd00000000000000000000000000000000000000000000000000000000000000000000",
            "storage": {}
          }
        }
      },
      {
        "indexes": {
          "data": 0,
          "gas": 0,
          "value": 0
        },
        "network": [
          ">=Cancun"
        ],
        "expectException": null,
        "result": {
          "0xc94f5374fCe5eDBc8e2a8697C15331677E6EBF0B": {
            "nonce": "0x00",
            "balance": "0x01",
            "code": "0x60016000fd00000000000000000000000000000000000000000000000000000000000000000000",
            "storage": {}
          },
          "0x094F5374FCE5EdbC8E2A8697C15331677E6eBF0B": {
            "nonce": "0x00",
            "balance": "0x01",
            "code": "0x600060006000600073c94f5374fce5edbc8e2a8697c15331677e6ebf0b61c350fa6000553d60015500000000000000000000000000000000000000000000000000000000000000000000",
            "storage": {
              "0x00": "0x00",
              "0x01": "0x01"
            }
          },
          "0x2ADC25665018Aa1FE0E6BC666DaC8Fc2697fF9bA": {
            "shouldnotexist": "1"
          }
        }
      },
      {
        "indexes": {
          "data": 0,
          "gas": 1,
          "value": 0
        },
        "network": [
          ">=Shanghai"
        ],
        "expectException": null,
        "result": {
          "0x094F5374FCE5EdbC8E2A8697C15331677E6eBF0B": {
            "nonce": "0x00",
            "balance": "0x01",
            "code": "0x600060006000600073c94f5374fce5edbc8e2a8697c15331677e6ebf0b61c350fa6000553d60015500000000000000000000000000000000000000000000000000000000000000000000",
            "storage": {
              "0x00": "0x00",
              "0x01": "0x01"
            }
          },
          "0xc94f5374fCe5eDBc8e2a8697C15331677E6EBF0B": {
            "nonce": "0x00",
            "balance": "0x01",
            "code": "0x60016000fd00000000000000000000000000000000000000000000000000000000000000000000",
            "storage": {}
          },
          "0x2ADC25665018Aa1FE0E6BC666DaC8Fc2697fF9bA": {
            "shouldnotexist": "1"
          }
        }
      },
      {
        "indexes": {
          "data": 0,
          "gas": 0,
          "value": 0
        },
        "network": [
          ">=Shanghai"
        ],
        "expectException": null,
        "result": {
          "0xc94f5374fCe5eDBc8e2a8697C15331677E6EBF0B": {
            "nonce": "0x00",
            "balance": "0x01",
            "code": "0x60016000fd00000000000000000000000000000000000000000000000000000000000000000000",
            "storage": {}
          },
          "0x094F5374FCE5EdbC8E2A8697C15331677E6eBF0B": {
            "nonce": "0x00",
            "balance": "0x01",
            "code": "0x600060006000600073c94f5374fce5edbc8e2a8697c15331677e6ebf0b61c350fa6000553d60015500000000000000000000000000000000000000000000000000000000000000000000",
            "storage": {
              "0x01": "0x01",
              "0x00": "0x00"
            }
          },
          "0x2ADC25665018Aa1FE0E6BC666DaC8Fc2697fF9bA": {
            "shouldnotexist": "1"
          }
        }
      }
    ]
  }
}