{
  "testName": "tests/GeneralStateTests/stStaticCall/static_call_value_inherit_from_call.json",
  "static_call_value_inherit_from_call": {
    "expect": [
      {
        "indexes": {
          "data": 0,
          "gas": 0,
          "value": 0
        },
        "network": [
          ">=Shanghai"
        ],
        "expectException": null,
        "result": {
          "0xC8b90F8D999D9D9988209481999A9889098A89a0": {
            "nonce": "0x00",
            "balance": "0x00",
            "code": "0x6000600060006000600a73094f5374fce5edbc8e2a8697c15331677e6ebf0b620186a0f100000000000000000000000000000000000000000000000000000000000000000000",
            "storage": {}
          },
          "0x2ADC25665018Aa1FE0E6BC666DaC8Fc2697fF9bA": {
            "shouldnotexist": "1"
          },
          "0xc94f5374fCe5eDBc8e2a8697C15331677E6EBF0B": {
            "nonce": "0x00",
            "balance": "0x01",
            "code": "0x3460005260206000f300000000000000000000000000000000000000000000000000000000000000000000",
            "storage": {}
          },
          "0x094F5374FCE5EdbC8E2A8697C15331677E6eBF0B": {
            "nonce": "0x00",
            "balance": "0x0b",
            "code": "0x602060006000600073c94f5374fce5edbc8e2a8697c15331677e6ebf0b61c350fa60005560005160015500000000000000000000000000000000000000000000000000000000000000000000",
            "storage": {
              "0x00": "0x01",
              "0x01": "0x00"
            }
          }
        }
      },
      {
        "indexes": {
          "data": 0,
          "gas": 0,
          "value": 0
        },
        "network": [
          ">=Cancun"
        ],
        "expectException": null,
        "result": {
          "0xC8b90F8D999D9D9988209481999A9889098A89a0": {
            "nonce": "0x00",
            "balance": "0x00",
            "code": "0x6000600060006000600a73094f5374fce5edbc8e2a8697c15331677e6ebf0b620186a0f100000000000000000000000000000000000000000000000000000000000000000000",
            "storage": {}
          },
          "0x094F5374FCE5EdbC8E2A8697C15331677E6eBF0B": {
            "nonce": "0x00",
            "balance": "0x0b",
            "code": "0x602060006000600073c94f5374fce5edbc8e2a8697c15331677e6ebf0b61c350fa60005560005160015500000000000000000000000000000000000000000000000000000000000000000000",
            "storage": {
              "0x00": "0x01",
              "0x01": "0x00"
            }
          },
          "0x2ADC25665018Aa1FE0E6BC666DaC8Fc2697fF9bA": {
            "shouldnotexist": "1"
          },
          "0xc94f5374fCe5eDBc8e2a8697C15331677E6EBF0B": {
            "nonce": "0x00",
            "balance": "0x01",
            "code": "0x3460005260206000f300000000000000000000000000000000000000000000000000000000000000000000",
            "storage": {}
          }
        }
      }
    ]
  }
}