{
  "testName": "tests/GeneralStateTests/stStaticCall/static_CallSha256_1.json",
  "static_CallSha256_1": {
    "expect": [
      {
        "indexes": {
          "data": 0,
          "gas": 0,
          "value": 0
        },
        "network": [
          ">=Shanghai"
        ],
        "expectException": null,
        "result": {
          "0x095E7BAea6a6c7c4c2DfeB977eFac326aF552d87": {
            "nonce": "0x00",
            "balance": "0x0132b3a0",
            "code": "0x602060006000600060026101f4fa60025560005160005500000000000000000000000000000000000000000000000000000000000000000000",
            "storage": {
              "0x00": "0xe3b0c44298fc1c149afbf4c8996fb92427ae41e4649b934ca495991b7852b855",
              "0x02": "0x01"
            }
          },
          "0x0000000000000000000000000000000000000002": {
            "shouldnotexist": "1"
          },
          "0x2ADC25665018Aa1FE0E6BC666DaC8Fc2697fF9bA": {
            "shouldnotexist": "1"
          }
        }
      },
      {
        "indexes": {
          "data": 0,
          "gas": 0,
          "value": 0
        },
        "network": [
          ">=Cancun"
        ],
        "expectException": null,
        "result": {
          "0x095E7BAea6a6c7c4c2DfeB977eFac326aF552d87": {
            "nonce": "0x00",
            "balance": "0x0132b3a0",
            "code": "0x602060006000600060026101f4fa60025560005160005500000000000000000000000000000000000000000000000000000000000000000000",
            "storage": {
              "0x00": "0xe3b0c44298fc1c149afbf4c8996fb92427ae41e4649b934ca495991b7852b855",
              "0x02": "0x01"
            }
          },
          "0x0000000000000000000000000000000000000002": {
            "shouldnotexist": "1"
          },
          "0x2ADC25665018Aa1FE0E6BC666DaC8Fc2697fF9bA": {
            "shouldnotexist": "1"
          }
        }
      }
    ]
  }
}