{
  "testName": "tests/GeneralStateTests/stStaticCall/static_refund_CallToSuicideNoStorage.json",
  "static_refund_CallToSuicideNoStorage": {
    "expect": [
      {
        "indexes": {
          "data": 0,
          "gas": 0,
          "value": 0
        },
        "network": [
          ">=Shanghai"
        ],
        "expectException": null,
        "result": {
          "0xAAAe7BAEA6A6c7C4C2DFeB977EFaC326Af552AAA": {
            "nonce": "0x00",
            "balance": "0x0de0b6b3a7640000",
            "code": "0x73095e7baea6a6c7c4c2dfeb977efac326af552d87ff00000000000000000000000000000000000000000000000000000000000000000000",
            "storage": {}
          },
          "0x2ADC25665018Aa1FE0E6BC666DaC8Fc2697fF9bA": {
            "shouldnotexist": "1"
          },
          "0x095E7BAea6a6c7c4c2DfeB977eFac326aF552d87": {
            "nonce": "0x00",
            "balance": "0x0de0b6b3a764000a",
            "code": "0x600060006000600073aaae7baea6a6c7c4c2dfeb977efac326af552aaa600035fa600055600160025500000000000000000000000000000000000000000000000000000000000000000000",
            "storage": {
              "0x02": "0x01",
              "0x01": "0x01",
              "0x00": "0x00"
            }
          }
        }
      },
      {
        "indexes": {
          "data": 1,
          "gas": 0,
          "value": 0
        },
        "network": [
          ">=Shanghai"
        ],
        "expectException": null,
        "result": {
          "0x2ADC25665018Aa1FE0E6BC666DaC8Fc2697fF9bA": {
            "shouldnotexist": "1"
          },
          "0xAAAe7BAEA6A6c7C4C2DFeB977EFaC326Af552AAA": {
            "nonce": "0x00",
            "balance": "0x0de0b6b3a7640000",
            "code": "0x73095e7baea6a6c7c4c2dfeb977efac326af552d87ff00000000000000000000000000000000000000000000000000000000000000000000",
            "storage": {}
          },
          "0x095E7BAea6a6c7c4c2DfeB977eFac326aF552d87": {
            "nonce": "0x00",
            "balance": "0x0de0b6b3a764000a",
            "code": "0x600060006000600073aaae7baea6a6c7c4c2dfeb977efac326af552aaa600035fa600055600160025500000000000000000000000000000000000000000000000000000000000000000000",
            "storage": {
              "0x02": "0x01",
              "0x00": "0x00",
              "0x01": "0x01"
            }
          }
        }
      },
      {
        "indexes": {
          "data": 0,
          "gas": 0,
          "value": 0
        },
        "network": [
          ">=Cancun"
        ],
        "expectException": null,
        "result": {
          "0x095E7BAea6a6c7c4c2DfeB977eFac326aF552d87": {
            "nonce": "0x00",
            "balance": "0x0de0b6b3a764000a",
            "code": "0x600060006000600073aaae7baea6a6c7c4c2dfeb977efac326af552aaa600035fa600055600160025500000000000000000000000000000000000000000000000000000000000000000000",
            "storage": {
              "0x02": "0x01",
              "0x01": "0x01",
              "0x00": "0x00"
            }
          },
          "0xAAAe7BAEA6A6c7C4C2DFeB977EFaC326Af552AAA": {
            "nonce": "0x00",
            "balance": "0x0de0b6b3a7640000",
            "code": "0x73095e7baea6a6c7c4c2dfeb977efac326af552d87ff00000000000000000000000000000000000000000000000000000000000000000000",
            "storage": {}
          },
          "0x2ADC25665018Aa1FE0E6BC666DaC8Fc2697fF9bA": {
            "shouldnotexist": "1"
          }
        }
      },
      {
        "indexes": {
          "data": 1,
          "gas": 0,
          "value": 0
        },
        "network": [
          ">=Cancun"
        ],
        "expectException": null,
        "result": {
          "0xAAAe7BAEA6A6c7C4C2DFeB977EFaC326Af552AAA": {
            "nonce": "0x00",
            "balance": "0x0de0b6b3a7640000",
            "code": "0x73095e7baea6a6c7c4c2dfeb977efac326af552d87ff00000000000000000000000000000000000000000000000000000000000000000000",
            "storage": {}
          },
          "0x095E7BAea6a6c7c4c2DfeB977eFac326aF552d87": {
            "nonce": "0x00",
            "balance": "0x0de0b6b3a764000a",
            "code": "0x600060006000600073aaae7baea6a6c7c4c2dfeb977efac326af552aaa600035fa600055600160025500000000000000000000000000000000000000000000000000000000000000000000",
            "storage": {
              "0x01": "0x01",
              "0x00": "0x00",
              "0x02": "0x01"
            }
          },
          "0x2ADC25665018Aa1FE0E6BC666DaC8Fc2697fF9bA": {
            "shouldnotexist": "1"
          }
        }
      }
    ]
  }
}