{
  "testName": "tests/GeneralStateTests/stStaticCall/static_CREATE_EmptyContractAndCallIt_0wei.json",
  "static_CREATE_EmptyContractAndCallIt_0wei": {
    "expect": [
      {
        "indexes": {
          "data": 0,
          "gas": 0,
          "value": 0
        },
        "network": [
          ">=Shanghai"
        ],
        "expectException": null,
        "result": {
          "0x2ADC25665018Aa1FE0E6BC666DaC8Fc2697fF9bA": {
            "shouldnotexist": "1"
          },
          "0xb94f5374fCe5EDbc8E2A8697c15331677E6EBf0B": {
            "nonce": "0x01",
            "balance": "0x00",
            "code": "0x5a600055602060006000f06001555a600255600060006000600060015461ea60fa6003555a60645500000000000000000000000000000000000000000000000000000000000000000000",
            "storage": {
              "0x64": "0x06fe6e",
              "0x02": "0x07abf8",
              "0x03": "0x01",
              "0x01": "0xf1ecf98489fa9ed60a664fc4998db699cfa39d40",
              "0x00": "0x08d5b6"
            }
          }
        }
      },
      {
        "indexes": {
          "data": 0,
          "gas": 0,
          "value": 0
        },
        "network": [
          ">=Cancun"
        ],
        "expectException": null,
        "result": {
          "0x2ADC25665018Aa1FE0E6BC666DaC8Fc2697fF9bA": {
            "shouldnotexist": "1"
          },
          "0xb94f5374fCe5EDbc8E2A8697c15331677E6EBf0B": {
            "nonce": "0x01",
            "balance": "0x00",
            "code": "0x5a600055602060006000f06001555a600255600060006000600060015461ea60fa6003555a60645500000000000000000000000000000000000000000000000000000000000000000000",
            "storage": {
              "0x64": "0x06fe6e",
              "0x00": "0x08d5b6",
              "0x02": "0x07abf8",
              "0x03": "0x01",
              "0x01": "0xf1ecf98489fa9ed60a664fc4998db699cfa39d40"
            }
          }
        }
      }
    ]
  }
}