{
  "testName": "tests/GeneralStateTests/stStaticCall/static_CallEcrecover0_0input.json",
  "static_CallEcrecover0_0input": {
    "expect": [
      {
        "indexes": {
          "data": 8,
          "gas": 0,
          "value": 0
        },
        "network": [
          ">=Shanghai"
        ],
        "expectException": null,
        "result": {
          "0x095E7BAea6a6c7c4c2DfeB977eFac326aF552d87": {
            "nonce": "0x00",
            "balance": "0x0132b3a0",
            "code": "0x6020608060806000600035620493e0fa60025560a060020a6080510660005500000000000000000000000000000000000000000000000000000000000000000000",
            "storage": {
              "0x00": "0x00",
              "0x02": "0x00"
            }
          },
          "0x2ADC25665018Aa1FE0E6BC666DaC8Fc2697fF9bA": {
            "shouldnotexist": "1"
          },
          "0x0000000000000000000000000000000000000008": {
            "shouldnotexist": "1"
          }
        }
      },
      {
        "indexes": {
          "data": 0,
          "gas": 0,
          "value": 0
        },
        "network": [
          ">=Shanghai"
        ],
        "expectException": null,
        "result": {
          "0x0000000000000000000000000000000000000000": {
            "shouldnotexist": "1"
          },
          "0x095E7BAea6a6c7c4c2DfeB977eFac326aF552d87": {
            "nonce": "0x00",
            "balance": "0x0132b3a0",
            "code": "0x6020608060806000600035620493e0fa60025560a060020a6080510660005500000000000000000000000000000000000000000000000000000000000000000000",
            "storage": {
              "0x00": "0x00",
              "0x02": "0x01"
            }
          },
          "0x2ADC25665018Aa1FE0E6BC666DaC8Fc2697fF9bA": {
            "shouldnotexist": "1"
          }
        }
      },
      {
        "indexes": {
          "data": 1,
          "gas": 0,
          "value": 0
        },
        "network": [
          ">=Shanghai"
        ],
        "expectException": null,
        "result": {
          "0x0000000000000000000000000000000000000001": {
            "shouldnotexist": "1"
          },
          "0x095E7BAea6a6c7c4c2DfeB977eFac326aF552d87": {
            "nonce": "0x00",
            "balance": "0x0132b3a0",
            "code": "0x6020608060806000600035620493e0fa60025560a060020a6080510660005500000000000000000000000000000000000000000000000000000000000000000000",
            "storage": {
              "0x02": "0x01",
              "0x00": "0x00"
            }
          },
          "0x2ADC25665018Aa1FE0E6BC666DaC8Fc2697fF9bA": {
            "shouldnotexist": "1"
          }
        }
      },
      {
        "indexes": {
          "data": 4,
          "gas": 0,
          "value": 0
        },
        "network": [
          ">=Shanghai"
        ],
        "expectException": null,
        "result": {
          "0x095E7BAea6a6c7c4c2DfeB977eFac326aF552d87": {
            "nonce": "0x00",
            "balance": "0x0132b3a0",
            "code": "0x6020608060806000600035620493e0fa60025560a060020a6080510660005500000000000000000000000000000000000000000000000000000000000000000000",
            "storage": {
              "0x02": "0x01",
              "0x00": "0x00"
            }
          },
          "0x0000000000000000000000000000000000000004": {
            "shouldnotexist": "1"
          },
          "0x2ADC25665018Aa1FE0E6BC666DaC8Fc2697fF9bA": {
            "shouldnotexist": "1"
          }
        }
      },
      {
        "indexes": {
          "data": 5,
          "gas": 0,
          "value": 0
        },
        "network": [
          ">=Shanghai"
        ],
        "expectException": null,
        "result": {
          "0x095E7BAea6a6c7c4c2DfeB977eFac326aF552d87": {
            "nonce": "0x00",
            "balance": "0x0132b3a0",
            "code": "0x6020608060806000600035620493e0fa60025560a060020a6080510660005500000000000000000000000000000000000000000000000000000000000000000000",
            "storage": {
              "0x02": "0x01",
              "0x00": "0x00"
            }
          },
          "0x0000000000000000000000000000000000000005": {
            "shouldnotexist": "1"
          },
          "0x2ADC25665018Aa1FE0E6BC666DaC8Fc2697fF9bA": {
            "shouldnotexist": "1"
          }
        }
      },
      {
        "indexes": {
          "data": 6,
          "gas": 0,
          "value": 0
        },
        "network": [
          ">=Shanghai"
        ],
        "expectException": null,
        "result": {
          "0x0000000000000000000000000000000000000006": {
            "shouldnotexist": "1"
          },
          "0x095E7BAea6a6c7c4c2DfeB977eFac326aF552d87": {
            "nonce": "0x00",
            "balance": "0x0132b3a0",
            "code": "0x6020608060806000600035620493e0fa60025560a060020a6080510660005500000000000000000000000000000000000000000000000000000000000000000000",
            "storage": {
              "0x02": "0x01",
              "0x00": "0x00"
            }
          },
          "0x2ADC25665018Aa1FE0E6BC666DaC8Fc2697fF9bA": {
            "shouldnotexist": "1"
          }
        }
      },
      {
        "indexes": {
          "data": 7,
          "gas": 0,
          "value": 0
        },
        "network": [
          ">=Shanghai"
        ],
        "expectException": null,
        "result": {
          "0x0000000000000000000000000000000000000007": {
            "shouldnotexist": "1"
          },
          "0x2ADC25665018Aa1FE0E6BC666DaC8Fc2697fF9bA": {
            "shouldnotexist": "1"
          },
          "0x095E7BAea6a6c7c4c2DfeB977eFac326aF552d87": {
            "nonce": "0x00",
            "balance": "0x0132b3a0",
            "code": "0x6020608060806000600035620493e0fa60025560a060020a6080510660005500000000000000000000000000000000000000000000000000000000000000000000",
            "storage": {
              "0x02": "0x01",
              "0x00": "0x00"
            }
          }
        }
      },
      {
        "indexes": {
          "data": 2,
          "gas": 0,
          "value": 0
        },
        "network": [
          ">=Shanghai"
        ],
        "expectException": null,
        "result": {
          "0x2ADC25665018Aa1FE0E6BC666DaC8Fc2697fF9bA": {
            "shouldnotexist": "1"
          },
          "0x095E7BAea6a6c7c4c2DfeB977eFac326aF552d87": {
            "nonce": "0x00",
            "balance": "0x0132b3a0",
            "code": "0x6020608060806000600035620493e0fa60025560a060020a6080510660005500000000000000000000000000000000000000000000000000000000000000000000",
            "storage": {
              "0x02": "0x01",
              "0x00": "0x8209944e898f69a7bd10a23c839d341e935fd5ca"
            }
          },
          "0x0000000000000000000000000000000000000002": {
            "shouldnotexist": "1"
          }
        }
      },
      {
        "indexes": {
          "data": 3,
          "gas": 0,
          "value": 0
        },
        "network": [
          ">=Shanghai"
        ],
        "expectException": null,
        "result": {
          "0x0000000000000000000000000000000000000003": {
            "shouldnotexist": "1"
          },
          "0x095E7BAea6a6c7c4c2DfeB977eFac326aF552d87": {
            "nonce": "0x00",
            "balance": "0x0132b3a0",
            "code": "0x6020608060806000600035620493e0fa60025560a060020a6080510660005500000000000000000000000000000000000000000000000000000000000000000000",
            "storage": {
              "0x00": "0x4300a157335cb7c9fc9423e011d7dd51090d093f",
              "0x02": "0x01"
            }
          },
          "0x2ADC25665018Aa1FE0E6BC666DaC8Fc2697fF9bA": {
            "shouldnotexist": "1"
          }
        }
      },
      {
        "indexes": {
          "data": 8,
          "gas": 0,
          "value": 0
        },
        "network": [
          ">=Cancun"
        ],
        "expectException": null,
        "result": {
          "0x2ADC25665018Aa1FE0E6BC666DaC8Fc2697fF9bA": {
            "shouldnotexist": "1"
          },
          "0x095E7BAea6a6c7c4c2DfeB977eFac326aF552d87": {
            "nonce": "0x00",
            "balance": "0x0132b3a0",
            "code": "0x6020608060806000600035620493e0fa60025560a060020a6080510660005500000000000000000000000000000000000000000000000000000000000000000000",
            "storage": {
              "0x00": "0x00",
              "0x02": "0x00"
            }
          },
          "0x0000000000000000000000000000000000000008": {
            "shouldnotexist": "1"
          }
        }
      },
      {
        "indexes": {
          "data": 0,
          "gas": 0,
          "value": 0
        },
        "network": [
          ">=Cancun"
        ],
        "expectException": null,
        "result": {
          "0x2ADC25665018Aa1FE0E6BC666DaC8Fc2697fF9bA": {
            "shouldnotexist": "1"
          },
          "0x095E7BAea6a6c7c4c2DfeB977eFac326aF552d87": {
            "nonce": "0x00",
            "balance": "0x0132b3a0",
            "code": "0x6020608060806000600035620493e0fa60025560a060020a6080510660005500000000000000000000000000000000000000000000000000000000000000000000",
            "storage": {
              "0x00": "0x00",
              "0x02": "0x01"
            }
          },
          "0x0000000000000000000000000000000000000000": {
            "shouldnotexist": "1"
          }
        }
      },
      {
        "indexes": {
          "data": 1,
          "gas": 0,
          "value": 0
        },
        "network": [
          ">=Cancun"
        ],
        "expectException": null,
        "result": {
          "0x095E7BAea6a6c7c4c2DfeB977eFac326aF552d87": {
            "nonce": "0x00",
            "balance": "0x0132b3a0",
            "code": "0x6020608060806000600035620493e0fa60025560a060020a6080510660005500000000000000000000000000000000000000000000000000000000000000000000",
            "storage": {
              "0x00": "0x00",
              "0x02": "0x01"
            }
          },
          "0x0000000000000000000000000000000000000001": {
            "shouldnotexist": "1"
          },
          "0x2ADC25665018Aa1FE0E6BC666DaC8Fc2697fF9bA": {
            "shouldnotexist": "1"
          }
        }
      },
      {
        "indexes": {
          "data": 4,
          "gas": 0,
          "value": 0
        },
        "network": [
          ">=Cancun"
        ],
        "expectException": null,
        "result": {
          "0x0000000000000000000000000000000000000004": {
            "shouldnotexist": "1"
          },
          "0x2ADC25665018Aa1FE0E6BC666DaC8Fc2697fF9bA": {
            "shouldnotexist": "1"
          },
          "0x095E7BAea6a6c7c4c2DfeB977eFac326aF552d87": {
            "nonce": "0x00",
            "balance": "0x0132b3a0",
            "code": "0x6020608060806000600035620493e0fa60025560a060020a6080510660005500000000000000000000000000000000000000000000000000000000000000000000",
            "storage": {
              "0x02": "0x01",
              "0x00": "0x00"
            }
          }
        }
      },
      {
        "indexes": {
          "data": 5,
          "gas": 0,
          "value": 0
        },
        "network": [
          ">=Cancun"
        ],
        "expectException": null,
        "result": {
          "0x095E7BAea6a6c7c4c2DfeB977eFac326aF552d87": {
            "nonce": "0x00",
            "balance": "0x0132b3a0",
            "code": "0x6020608060806000600035620493e0fa60025560a060020a6080510660005500000000000000000000000000000000000000000000000000000000000000000000",
            "storage": {
              "0x00": "0x00",
              "0x02": "0x01"
            }
          },
          "0x0000000000000000000000000000000000000005": {
            "shouldnotexist": "1"
          },
          "0x2ADC25665018Aa1FE0E6BC666DaC8Fc2697fF9bA": {
            "shouldnotexist": "1"
          }
        }
      },
      {
        "indexes": {
          "data": 6,
          "gas": 0,
          "value": 0
        },
        "network": [
          ">=Cancun"
        ],
        "expectException": null,
        "result": {
          "0x095E7BAea6a6c7c4c2DfeB977eFac326aF552d87": {
            "nonce": "0x00",
            "balance": "0x0132b3a0",
            "code": "0x6020608060806000600035620493e0fa60025560a060020a6080510660005500000000000000000000000000000000000000000000000000000000000000000000",
            "storage": {
              "0x00": "0x00",
              "0x02": "0x01"
            }
          },
          "0x0000000000000000000000000000000000000006": {
            "shouldnotexist": "1"
          },
          "0x2ADC25665018Aa1FE0E6BC666DaC8Fc2697fF9bA": {
            "shouldnotexist": "1"
          }
        }
      },
      {
        "indexes": {
          "data": 7,
          "gas": 0,
          "value": 0
        },
        "network": [
          ">=Cancun"
        ],
        "expectException": null,
        "result": {
          "0x0000000000000000000000000000000000000007": {
            "shouldnotexist": "1"
          },
          "0x095E7BAea6a6c7c4c2DfeB977eFac326aF552d87": {
            "nonce": "0x00",
            "balance": "0x0132b3a0",
            "code": "0x6020608060806000600035620493e0fa60025560a060020a6080510660005500000000000000000000000000000000000000000000000000000000000000000000",
            "storage": {
              "0x02": "0x01",
              "0x00": "0x00"
            }
          },
          "0x2ADC25665018Aa1FE0E6BC666DaC8Fc2697fF9bA": {
            "shouldnotexist": "1"
          }
        }
      },
      {
        "indexes": {
          "data": 2,
          "gas": 0,
          "value": 0
        },
        "network": [
          ">=Cancun"
        ],
        "expectException": null,
        "result": {
          "0x0000000000000000000000000000000000000002": {
            "shouldnotexist": "1"
          },
          "0x2ADC25665018Aa1FE0E6BC666DaC8Fc2697fF9bA": {
            "shouldnotexist": "1"
          },
          "0x095E7BAea6a6c7c4c2DfeB977eFac326aF552d87": {
            "nonce": "0x00",
            "balance": "0x0132b3a0",
            "code": "0x6020608060806000600035620493e0fa60025560a060020a6080510660005500000000000000000000000000000000000000000000000000000000000000000000",
            "storage": {
              "0x02": "0x01",
              "0x00": "0x8209944e898f69a7bd10a23c839d341e935fd5ca"
            }
          }
        }
      },
      {
        "indexes": {
          "data": 3,
          "gas": 0,
          "value": 0
        },
        "network": [
          ">=Cancun"
        ],
        "expectException": null,
        "result": {
          "0x0000000000000000000000000000000000000003": {
            "shouldnotexist": "1"
          },
          "0x2ADC25665018Aa1FE0E6BC666DaC8Fc2697fF9bA": {
            "shouldnotexist": "1"
          },
          "0x095E7BAea6a6c7c4c2DfeB977eFac326aF552d87": {
            "nonce": "0x00",
            "balance": "0x0132b3a0",
            "code": "0x6020608060806000600035620493e0fa60025560a060020a6080510660005500000000000000000000000000000000000000000000000000000000000000000000",
            "storage": {
              "0x02": "0x01",
              "0x00": "0x4300a157335cb7c9fc9423e011d7dd51090d093f"
            }
          }
        }
      }
    ]
  }
}