{
  "testName": "tests/GeneralStateTests/stStaticFlagEnabled/StaticcallForPrecompilesIssue683.json",
  "StaticcallForPrecompilesIssue683": {
    "expect": [
      {
        "indexes": {
          "data": 0,
          "gas": 0,
          "value": 0
        },
        "network": [
          ">=Shanghai"
        ],
        "expectException": null,
        "result": {
          "0xcafE000000000000000000000000000000000001": {
            "shouldnotexist": "1"
          },
          "0xa000000000000000000000000000000000000000": {
            "nonce": "0x00",
            "balance": "0x044c",
            "code": "0x600080541515601d576001815580818283305afa15601b578081fd5b005b80818283600160025af15050000000000000000000000000000000000000000000000000000000000000000000",
            "storage": {
              "0x00": "0x01"
            }
          }
        }
      },
      {
        "indexes": {
          "data": 0,
          "gas": 0,
          "value": 0
        },
        "network": [
          ">=Cancun"
        ],
        "expectException": null,
        "result": {
          "0xcafE000000000000000000000000000000000001": {
            "shouldnotexist": "1"
          },
          "0xa000000000000000000000000000000000000000": {
            "nonce": "0x00",
            "balance": "0x044c",
            "code": "0x600080541515601d576001815580818283305afa15601b578081fd5b005b80818283600160025af15050000000000000000000000000000000000000000000000000000000000000000000",
            "storage": {
              "0x00": "0x01"
            }
          }
        }
      }
    ]
  }
}