{
  "testName": "tests/GeneralStateTests/stSystemOperationsTest/CallToReturn1.json",
  "CallToReturn1": {
    "expect": [
      {
        "indexes": {
          "data": 0,
          "gas": 0,
          "value": 0
        },
        "network": [
          ">=Cancun"
        ],
        "expectException": null,
        "result": {
          "0x2ADC25665018Aa1FE0E6BC666DaC8Fc2697fF9bA": {
            "shouldnotexist": "1"
          },
          "0x945304Eb96065B2A98B57a48a06ae28D285a71B5": {
            "nonce": "0x00",
            "balance": "0x17",
            "code": "0x6001600155602a601f536001601ff3000000000000000000000000000000000000000000000000000000000000000000",
            "storage": {
              "0x01": "0x00"
            }
          },
          "0x095E7BAea6a6c7c4c2DfeB977eFac326aF552d87": {
            "nonce": "0x00",
            "balance": "0x0de0b6b3a76586a0",
            "code": "0x6001601f60006000601773945304eb96065b2a98b57a48a06ae28d285a71b56103e8f160005560005160015500000000000000000000000000000000000000000000000000000000000000000000",
            "storage": {
              "0x01": "0x00",
              "0x00": "0x00"
            }
          }
        }
      },
      {
        "indexes": {
          "data": 0,
          "gas": 0,
          "value": 0
        },
        "network": [
          ">=Shanghai"
        ],
        "expectException": null,
        "result": {
          "0x2ADC25665018Aa1FE0E6BC666DaC8Fc2697fF9bA": {
            "shouldnotexist": "1"
          },
          "0x945304Eb96065B2A98B57a48a06ae28D285a71B5": {
            "nonce": "0x00",
            "balance": "0x17",
            "code": "0x6001600155602a601f536001601ff3000000000000000000000000000000000000000000000000000000000000000000",
            "storage": {
              "0x01": "0x00"
            }
          },
          "0x095E7BAea6a6c7c4c2DfeB977eFac326aF552d87": {
            "nonce": "0x00",
            "balance": "0x0de0b6b3a76586a0",
            "code": "0x6001601f60006000601773945304eb96065b2a98b57a48a06ae28d285a71b56103e8f160005560005160015500000000000000000000000000000000000000000000000000000000000000000000",
            "storage": {
              "0x01": "0x00",
              "0x00": "0x00"
            }
          }
        }
      }
    ]
  }
}