{
  "testName": "tests/GeneralStateTests/stSystemOperationsTest/CreateHashCollision.json",
  "CreateHashCollision": {
    "expect": [
      {
        "indexes": {
          "data": 0,
          "gas": 0,
          "value": 0
        },
        "network": [
          ">=Shanghai"
        ],
        "expectException": null,
        "result": {
          "0x2ADC25665018Aa1FE0E6BC666DaC8Fc2697fF9bA": {
            "shouldnotexist": "1"
          },
          "0x095E7BAea6a6c7c4c2DfeB977eFac326aF552d87": {
            "nonce": "0x01",
            "balance": "0x0de0b6b3a76586a0",
            "code": "0x7c601080600c6000396000f3006000355415600957005b60203560003555600052601d60036017f060005500000000000000000000000000000000000000000000000000000000000000000000",
            "storage": {
              "0x00": "0x00"
            }
          },
          "0xd2571607E241Ecf590ed94B12D87c94BABe36db6": {
            "nonce": "0x00",
            "balance": "0x2a",
            "code": "0x60016001016055000000000000000000000000000000000000000000000000000000000000000000",
            "storage": {}
          }
        }
      },
      {
        "indexes": {
          "data": 0,
          "gas": 0,
          "value": 0
        },
        "network": [
          ">=Cancun"
        ],
        "expectException": null,
        "result": {
          "0x2ADC25665018Aa1FE0E6BC666DaC8Fc2697fF9bA": {
            "shouldnotexist": "1"
          },
          "0xd2571607E241Ecf590ed94B12D87c94BABe36db6": {
            "nonce": "0x00",
            "balance": "0x2a",
            "code": "0x60016001016055000000000000000000000000000000000000000000000000000000000000000000",
            "storage": {}
          },
          "0x095E7BAea6a6c7c4c2DfeB977eFac326aF552d87": {
            "nonce": "0x01",
            "balance": "0x0de0b6b3a76586a0",
            "code": "0x7c601080600c6000396000f3006000355415600957005b60203560003555600052601d60036017f060005500000000000000000000000000000000000000000000000000000000000000000000",
            "storage": {
              "0x00": "0x00"
            }
          }
        }
      }
    ]
  }
}