{
  "testName": "tests/GeneralStateTests/stTransactionTest/InternlCallStoreClearsSucces.json",
  "InternlCallStoreClearsSucces": {
    "expect": [
      {
        "indexes": {
          "data": 0,
          "gas": 0,
          "value": 0
        },
        "network": [
          ">=Shanghai"
        ],
        "expectException": null,
        "result": {
          "0x0000000000000000000000000000000000000000": {
            "nonce": "0x00",
            "balance": "0x01",
            "code": "0x600060005560006001556000600255600060035560006004556000600555600060065560006007556000600855600060095500000000000000000000000000000000000000000000000000000000000000000000",
            "storage": {
              "0x05": "0x00",
              "0x04": "0x00",
              "0x02": "0x00",
              "0x08": "0x00",
              "0x07": "0x00",
              "0x01": "0x00",
              "0x06": "0x00",
              "0x09": "0x00",
              "0x00": "0x00",
              "0x03": "0x00"
            }
          },
          "0xb94f5374fCe5EDbc8E2A8697c15331677E6EBf0B": {
            "shouldnotexist": "1"
          },
          "0xc94f5374fCe5eDBc8e2a8697C15331677E6EBF0B": {
            "nonce": "0x00",
            "balance": "0x13",
            "code": "0x600060006000600060016000620186a0f100000000000000000000000000000000000000000000000000000000000000000000",
            "storage": {}
          }
        }
      },
      {
        "indexes": {
          "data": 0,
          "gas": 0,
          "value": 0
        },
        "network": [
          ">=Cancun"
        ],
        "expectException": null,
        "result": {
          "0xb94f5374fCe5EDbc8E2A8697c15331677E6EBf0B": {
            "shouldnotexist": "1"
          },
          "0xc94f5374fCe5eDBc8e2a8697C15331677E6EBF0B": {
            "nonce": "0x00",
            "balance": "0x13",
            "code": "0x600060006000600060016000620186a0f100000000000000000000000000000000000000000000000000000000000000000000",
            "storage": {}
          },
          "0x0000000000000000000000000000000000000000": {
            "nonce": "0x00",
            "balance": "0x01",
            "code": "0x600060005560006001556000600255600060035560006004556000600555600060065560006007556000600855600060095500000000000000000000000000000000000000000000000000000000000000000000",
            "storage": {
              "0x08": "0x00",
              "0x05": "0x00",
              "0x04": "0x00",
              "0x03": "0x00",
              "0x00": "0x00",
              "0x01": "0x00",
              "0x09": "0x00",
              "0x02": "0x00",
              "0x07": "0x00",
              "0x06": "0x00"
            }
          }
        }
      }
    ]
  }
}