{
  "testName": "tests/GeneralStateTests/stTransactionTest/SuicidesAndInternlCallSuicidesBonusGasAtCall.json",
  "SuicidesAndInternlCallSuicidesBonusGasAtCall": {
    "expect": [
      {
        "indexes": {
          "data": 0,
          "gas": 0,
          "value": 0
        },
        "network": [
          ">=Shanghai"
        ],
        "expectException": null,
        "result": {
          "0x0000000000000000000000000000000000000001": {
            "shouldnotexist": "1"
          },
          "0xb94f5374fCe5EDbc8E2A8697c15331677E6EBf0B": {
            "shouldnotexist": "1"
          },
          "0xc94f5374fCe5eDBc8e2a8697C15331677E6EBF0B": {
            "shouldnotexist": "1"
          },
          "0x0000000000000000000000000000000000000000": {
            "nonce": "0x00",
            "balance": "0x14",
            "code": "0x6001ff00000000000000000000000000000000000000000000000000000000000000000000",
            "storage": {}
          }
        }
      },
      {
        "indexes": {
          "data": 0,
          "gas": 0,
          "value": 0
        },
        "network": [
          ">=Cancun"
        ],
        "expectException": null,
        "result": {
          "0x0000000000000000000000000000000000000001": {
            "shouldnotexist": "1"
          },
          "0xb94f5374fCe5EDbc8E2A8697c15331677E6EBf0B": {
            "shouldnotexist": "1"
          },
          "0x0000000000000000000000000000000000000000": {
            "nonce": "0x00",
            "balance": "0x14",
            "code": "0x6001ff00000000000000000000000000000000000000000000000000000000000000000000",
            "storage": {}
          },
          "0xc94f5374fCe5eDBc8e2a8697C15331677E6EBF0B": {
            "nonce": "0x00",
            "balance": "0x00",
            "code": "0x6000600060006000600160006000f1506000ff00000000000000000000000000000000000000000000000000000000000000000000",
            "storage": {}
          }
        }
      }
    ]
  }
}