{
  "testName": "tests/GeneralStateTests/stWalletTest/dayLimitConstruction.json",
  "dayLimitConstruction": {
    "expect": [
      {
        "indexes": {
          "data": 0,
          "gas": 0,
          "value": 0
        },
        "network": [
          ">=Shanghai"
        ],
        "expectException": null,
        "result": {
          "0xa94f5374Fce5edBC8E2a8697C15331677e6EbF0B": {
            "nonce": "0x02",
            "balance": "0x0de0b6b3a6f70e9d",
            "storage": {}
          },
          "0x2ADC25665018Aa1FE0E6BC666DaC8Fc2697fF9bA": {
            "shouldnotexist": "1"
          }
        }
      },
      {
        "indexes": {
          "data": 0,
          "gas": 1,
          "value": 0
        },
        "network": [
          ">=Shanghai"
        ],
        "expectException": null,
        "result": {
          "0xa94f5374Fce5edBC8E2a8697C15331677e6EbF0B": {
            "nonce": "0x02",
            "balance": "0x0de0b6b3a6f70e9d",
            "storage": {}
          },
          "0x2ADC25665018Aa1FE0E6BC666DaC8Fc2697fF9bA": {
            "shouldnotexist": "1"
          }
        }
      },
      {
        "indexes": {
          "data": 0,
          "gas": 0,
          "value": 0
        },
        "network": [
          ">=Cancun"
        ],
        "expectException": null,
        "result": {
          "0x2ADC25665018Aa1FE0E6BC666DaC8Fc2697fF9bA": {
            "shouldnotexist": "1"
          },
          "0xa94f5374Fce5edBC8E2a8697C15331677e6EbF0B": {
            "nonce": "0x02",
            "balance": "0x0de0b6b3a6f70e9d",
            "storage": {}
          }
        }
      },
      {
        "indexes": {
          "data": 0,
          "gas": 1,
          "value": 0
        },
        "network": [
          ">=Cancun"
        ],
        "expectException": null,
        "result": {
          "0xa94f5374Fce5edBC8E2a8697C15331677e6EbF0B": {
            "nonce": "0x02",
            "balance": "0x0de0b6b3a6f70e9d",
            "storage": {}
          },
          "0x2ADC25665018Aa1FE0E6BC666DaC8Fc2697fF9bA": {
            "shouldnotexist": "1"
          }
        }
      }
    ]
  }
}