{
  "testName": "tests/GeneralStateTests/stZeroCallsTest/ZeroValue_DELEGATECALL_ToOneStorageKey.json",
  "ZeroValue_DELEGATECALL_ToOneStorageKey": {
    "expect": [
      {
        "indexes": {
          "data": 0,
          "gas": 0,
          "value": 0
        },
        "network": [
          ">=Shanghai"
        ],
        "expectException": null,
        "result": {
          "0x2ADC25665018Aa1FE0E6BC666DaC8Fc2697fF9bA": {
            "shouldnotexist": "1"
          },
          "0xb94f5374fCe5EDbc8E2A8697c15331677E6EBf0B": {
            "nonce": "0x00",
            "balance": "0x00",
            "code": "0x5a600055600060006000600073c94f5374fce5edbc8e2a8697c15331677e6ebf0b61ea60f4600155600160645500000000000000000000000000000000000000000000000000000000000000000000",
            "storage": {
              "0x01": "0x01",
              "0x00": "0x08d5b6",
              "0x64": "0x01"
            }
          },
          "0xc94f5374fCe5eDBc8e2a8697C15331677E6EBF0B": {
            "nonce": "0x00",
            "balance": "0x00",
            "code": "0x00",
            "storage": {
              "0x00": "0x01"
            }
          }
        }
      },
      {
        "indexes": {
          "data": 0,
          "gas": 0,
          "value": 0
        },
        "network": [
          ">=Cancun"
        ],
        "expectException": null,
        "result": {
          "0xc94f5374fCe5eDBc8e2a8697C15331677E6EBF0B": {
            "nonce": "0x00",
            "balance": "0x00",
            "code": "0x00",
            "storage": {
              "0x00": "0x01"
            }
          },
          "0xb94f5374fCe5EDbc8E2A8697c15331677E6EBf0B": {
            "nonce": "0x00",
            "balance": "0x00",
            "code": "0x5a600055600060006000600073c94f5374fce5edbc8e2a8697c15331677e6ebf0b61ea60f4600155600160645500000000000000000000000000000000000000000000000000000000000000000000",
            "storage": {
              "0x01": "0x01",
              "0x64": "0x01",
              "0x00": "0x08d5b6"
            }
          },
          "0x2ADC25665018Aa1FE0E6BC666DaC8Fc2697fF9bA": {
            "shouldnotexist": "1"
          }
        }
      }
    ]
  }
}