{
  "testName": "tests/GeneralStateTests/stZeroCallsTest/ZeroValue_SUICIDE_ToEmpty.json",
  "ZeroValue_SUICIDE_ToEmpty": {
    "expect": [
      {
        "indexes": {
          "data": 0,
          "gas": 0,
          "value": 0
        },
        "network": [
          ">=Shanghai"
        ],
        "expectException": null,
        "result": {
          "0x2ADC25665018Aa1FE0E6BC666DaC8Fc2697fF9bA": {
            "shouldnotexist": "1"
          },
          "0xb94f5374fCe5EDbc8E2A8697c15331677E6EBf0B": {
            "shouldnotexist": "1"
          },
          "0xc94f5374fCe5eDBc8e2a8697C15331677E6EBF0B": {
            "shouldnotexist": "1"
          }
        }
      },
      {
        "indexes": {
          "data": 0,
          "gas": 0,
          "value": 0
        },
        "network": [
          ">=Cancun"
        ],
        "expectException": null,
        "result": {
          "0x2ADC25665018Aa1FE0E6BC666DaC8Fc2697fF9bA": {
            "shouldnotexist": "1"
          },
          "0xb94f5374fCe5EDbc8E2A8697c15331677E6EBf0B": {
            "nonce": "0x00",
            "balance": "0x00",
            "code": "0x73c94f5374fce5edbc8e2a8697c15331677e6ebf0bff00000000000000000000000000000000000000000000000000000000000000000000",
            "storage": {}
          },
          "0xc94f5374fCe5eDBc8e2a8697C15331677E6EBF0B": {
            "shouldnotexist": "1"
          }
        }
      }
    ]
  }
}