{
  "testName": "tests/GeneralStateTests/VMTests/vmArithmeticTest/not.json",
  "not": {
    "expect": [
      {
        "indexes": {
          "data": 0,
          "gas": 0,
          "value": 0
        },
        "network": [
          ">=Shanghai"
        ],
        "expectException": null,
        "result": {
          "0x0000000000000000000000000000000000000100": {
            "nonce": "0x00",
            "balance": "0x0ba1a9ce0ba1a9ce",
            "code": "0x670123456789abcdef1960005500000000000000000000000000000000000000000000000000000000000000000000",
            "storage": {
              "0x00": "0xfffffffffffffffffffffffffffffffffffffffffffffffffedcba9876543210"
            }
          },
          "0xCcCCccccCCCCcCCCCCCcCcCccCcCCCcCcccccccC": {
            "nonce": "0x00",
            "balance": "0x0ba1a9ce0ba1a9cf",
            "code": "0x600060006000600060006004356101000162fffffff100000000000000000000000000000000000000000000000000000000000000000000",
            "storage": {}
          },
          "0x2ADC25665018Aa1FE0E6BC666DaC8Fc2697fF9bA": {
            "shouldnotexist": "1"
          }
        }
      },
      {
        "indexes": {
          "data": 0,
          "gas": 0,
          "value": 0
        },
        "network": [
          ">=Cancun"
        ],
        "expectException": null,
        "result": {
          "0xCcCCccccCCCCcCCCCCCcCcCccCcCCCcCcccccccC": {
            "nonce": "0x00",
            "balance": "0x0ba1a9ce0ba1a9cf",
            "code": "0x600060006000600060006004356101000162fffffff100000000000000000000000000000000000000000000000000000000000000000000",
            "storage": {}
          },
          "0x0000000000000000000000000000000000000100": {
            "nonce": "0x00",
            "balance": "0x0ba1a9ce0ba1a9ce",
            "code": "0x670123456789abcdef1960005500000000000000000000000000000000000000000000000000000000000000000000",
            "storage": {
              "0x00": "0xfffffffffffffffffffffffffffffffffffffffffffffffffedcba9876543210"
            }
          },
          "0x2ADC25665018Aa1FE0E6BC666DaC8Fc2697fF9bA": {
            "shouldnotexist": "1"
          }
        }
      }
    ]
  }
}