{
  "testName": "tests/GeneralStateTests/VMTests/vmArithmeticTest/arith.json",
  "arith": {
    "expect": [
      {
        "indexes": {
          "data": 0,
          "gas": 0,
          "value": 0
        },
        "network": [
          ">=Shanghai"
        ],
        "expectException": null,
        "result": {
          "0x2ADC25665018Aa1FE0E6BC666DaC8Fc2697fF9bA": {
            "shouldnotexist": "1"
          },
          "0xCcCCccccCCCCcCCCCCCcCcCccCcCCCcCcccccccC": {
            "nonce": "0x00",
            "balance": "0x0ba1a9ce0ba1a9cf",
            "code": "0x600160019001600702600501600290046004906021900560170160030260059007600303600960110a60005560086000f3000000000000000000000000000000000000000000000000000000000000000000",
            "storage": {
              "0x00": "0x1b9c636491"
            }
          }
        }
      },
      {
        "indexes": {
          "data": 0,
          "gas": 0,
          "value": 0
        },
        "network": [
          ">=Cancun"
        ],
        "expectException": null,
        "result": {
          "0x2ADC25665018Aa1FE0E6BC666DaC8Fc2697fF9bA": {
            "shouldnotexist": "1"
          },
          "0xCcCCccccCCCCcCCCCCCcCcCccCcCCCcCcccccccC": {
            "nonce": "0x00",
            "balance": "0x0ba1a9ce0ba1a9cf",
            "code": "0x600160019001600702600501600290046004906021900560170160030260059007600303600960110a60005560086000f3000000000000000000000000000000000000000000000000000000000000000000",
            "storage": {
              "0x00": "0x1b9c636491"
            }
          }
        }
      }
    ]
  }
}