{
  "testName": "tests/GeneralStateTests/VMTests/vmBitwiseLogicOperation/slt.json",
  "slt": {
    "expect": [
      {
        "indexes": {
          "data": 0,
          "gas": 0,
          "value": 0
        },
        "network": [
          ">=Shanghai"
        ],
        "expectException": null,
        "result": {
          "0xCcCCccccCCCCcCCCCCCcCcCccCcCCCcCcccccccC": {
            "nonce": "0x00",
            "balance": "0x0ba1a9ce0ba1a9cf",
            "code": "0x600060006000600060006004356101000162fffffff100000000000000000000000000000000000000000000000000000000000000000000",
            "storage": {}
          },
          "0x0000000000000000000000000000000000000100": {
            "nonce": "0x00",
            "balance": "0x0ba1a9ce0ba1a9ce",
            "code": "0x600060026000031260005500000000000000000000000000000000000000000000000000000000000000000000",
            "storage": {
              "0x00": "0x01"
            }
          },
          "0x0000000000000000000000000000000000000103": {
            "nonce": "0x00",
            "balance": "0x0ba1a9ce0ba1a9ce",
            "code": "0x7fffffffffffffffffffffffffffffffffffffffffffffffffffffffffffffffff60001260005500000000000000000000000000000000000000000000000000000000000000000000",
            "storage": {}
          },
          "0x0000000000000000000000000000000000000102": {
            "nonce": "0x00",
            "balance": "0x0ba1a9ce0ba1a9ce",
            "code": "0x60007fffffffffffffffffffffffffffffffffffffffffffffffffffffffffffffffff1260005500000000000000000000000000000000000000000000000000000000000000000000",
            "storage": {}
          },
          "0x2ADC25665018Aa1FE0E6BC666DaC8Fc2697fF9bA": {
            "shouldnotexist": "1"
          },
          "0x0000000000000000000000000000000000000101": {
            "nonce": "0x00",
            "balance": "0x0ba1a9ce0ba1a9ce",
            "code": "0x600260000360001260005500000000000000000000000000000000000000000000000000000000000000000000",
            "storage": {}
          }
        }
      },
      {
        "indexes": {
          "data": 1,
          "gas": 0,
          "value": 0
        },
        "network": [
          ">=Shanghai"
        ],
        "expectException": null,
        "result": {
          "0xCcCCccccCCCCcCCCCCCcCcCccCcCCCcCcccccccC": {
            "nonce": "0x00",
            "balance": "0x0ba1a9ce0ba1a9cf",
            "code": "0x600060006000600060006004356101000162fffffff100000000000000000000000000000000000000000000000000000000000000000000",
            "storage": {}
          },
          "0x0000000000000000000000000000000000000101": {
            "nonce": "0x00",
            "balance": "0x0ba1a9ce0ba1a9ce",
            "code": "0x600260000360001260005500000000000000000000000000000000000000000000000000000000000000000000",
            "storage": {
              "0x00": "0x00"
            }
          },
          "0x0000000000000000000000000000000000000100": {
            "nonce": "0x00",
            "balance": "0x0ba1a9ce0ba1a9ce",
            "code": "0x600060026000031260005500000000000000000000000000000000000000000000000000000000000000000000",
            "storage": {}
          },
          "0x0000000000000000000000000000000000000102": {
            "nonce": "0x00",
            "balance": "0x0ba1a9ce0ba1a9ce",
            "code": "0x60007fffffffffffffffffffffffffffffffffffffffffffffffffffffffffffffffff1260005500000000000000000000000000000000000000000000000000000000000000000000",
            "storage": {}
          },
          "0x2ADC25665018Aa1FE0E6BC666DaC8Fc2697fF9bA": {
            "shouldnotexist": "1"
          },
          "0x0000000000000000000000000000000000000103": {
            "nonce": "0x00",
            "balance": "0x0ba1a9ce0ba1a9ce",
            "code": "0x7fffffffffffffffffffffffffffffffffffffffffffffffffffffffffffffffff60001260005500000000000000000000000000000000000000000000000000000000000000000000",
            "storage": {}
          }
        }
      },
      {
        "indexes": {
          "data": 2,
          "gas": 0,
          "value": 0
        },
        "network": [
          ">=Shanghai"
        ],
        "expectException": null,
        "result": {
          "0x0000000000000000000000000000000000000102": {
            "nonce": "0x00",
            "balance": "0x0ba1a9ce0ba1a9ce",
            "code": "0x60007fffffffffffffffffffffffffffffffffffffffffffffffffffffffffffffffff1260005500000000000000000000000000000000000000000000000000000000000000000000",
            "storage": {
              "0x00": "0x01"
            }
          },
          "0x0000000000000000000000000000000000000101": {
            "nonce": "0x00",
            "balance": "0x0ba1a9ce0ba1a9ce",
            "code": "0x600260000360001260005500000000000000000000000000000000000000000000000000000000000000000000",
            "storage": {}
          },
          "0xCcCCccccCCCCcCCCCCCcCcCccCcCCCcCcccccccC": {
            "nonce": "0x00",
            "balance": "0x0ba1a9ce0ba1a9cf",
            "code": "0x600060006000600060006004356101000162fffffff100000000000000000000000000000000000000000000000000000000000000000000",
            "storage": {}
          },
          "0x0000000000000000000000000000000000000100": {
            "nonce": "0x00",
            "balance": "0x0ba1a9ce0ba1a9ce",
            "code": "0x600060026000031260005500000000000000000000000000000000000000000000000000000000000000000000",
            "storage": {}
          },
          "0x0000000000000000000000000000000000000103": {
            "nonce": "0x00",
            "balance": "0x0ba1a9ce0ba1a9ce",
            "code": "0x7fffffffffffffffffffffffffffffffffffffffffffffffffffffffffffffffff60001260005500000000000000000000000000000000000000000000000000000000000000000000",
            "storage": {}
          },
          "0x2ADC25665018Aa1FE0E6BC666DaC8Fc2697fF9bA": {
            "shouldnotexist": "1"
          }
        }
      },
      {
        "indexes": {
          "data": 3,
          "gas": 0,
          "value": 0
        },
        "network": [
          ">=Shanghai"
        ],
        "expectException": null,
        "result": {
          "0x0000000000000000000000000000000000000103": {
            "nonce": "0x00",
            "balance": "0x0ba1a9ce0ba1a9ce",
            "code": "0x7fffffffffffffffffffffffffffffffffffffffffffffffffffffffffffffffff60001260005500000000000000000000000000000000000000000000000000000000000000000000",
            "storage": {
              "0x00": "0x00"
            }
          },
          "0xCcCCccccCCCCcCCCCCCcCcCccCcCCCcCcccccccC": {
            "nonce": "0x00",
            "balance": "0x0ba1a9ce0ba1a9cf",
            "code": "0x600060006000600060006004356101000162fffffff100000000000000000000000000000000000000000000000000000000000000000000",
            "storage": {}
          },
          "0x0000000000000000000000000000000000000100": {
            "nonce": "0x00",
            "balance": "0x0ba1a9ce0ba1a9ce",
            "code": "0x600060026000031260005500000000000000000000000000000000000000000000000000000000000000000000",
            "storage": {}
          },
          "0x0000000000000000000000000000000000000101": {
            "nonce": "0x00",
            "balance": "0x0ba1a9ce0ba1a9ce",
            "code": "0x600260000360001260005500000000000000000000000000000000000000000000000000000000000000000000",
            "storage": {}
          },
          "0x0000000000000000000000000000000000000102": {
            "nonce": "0x00",
            "balance": "0x0ba1a9ce0ba1a9ce",
            "code": "0x60007fffffffffffffffffffffffffffffffffffffffffffffffffffffffffffffffff1260005500000000000000000000000000000000000000000000000000000000000000000000",
            "storage": {}
          },
          "0x2ADC25665018Aa1FE0E6BC666DaC8Fc2697fF9bA": {
            "shouldnotexist": "1"
          }
        }
      },
      {
        "indexes": {
          "data": 0,
          "gas": 0,
          "value": 0
        },
        "network": [
          ">=Cancun"
        ],
        "expectException": null,
        "result": {
          "0x0000000000000000000000000000000000000100": {
            "nonce": "0x00",
            "balance": "0x0ba1a9ce0ba1a9ce",
            "code": "0x600060026000031260005500000000000000000000000000000000000000000000000000000000000000000000",
            "storage": {
              "0x00": "0x01"
            }
          },
          "0x0000000000000000000000000000000000000103": {
            "nonce": "0x00",
            "balance": "0x0ba1a9ce0ba1a9ce",
            "code": "0x7fffffffffffffffffffffffffffffffffffffffffffffffffffffffffffffffff60001260005500000000000000000000000000000000000000000000000000000000000000000000",
            "storage": {}
          },
          "0x0000000000000000000000000000000000000102": {
            "nonce": "0x00",
            "balance": "0x0ba1a9ce0ba1a9ce",
            "code": "0x60007fffffffffffffffffffffffffffffffffffffffffffffffffffffffffffffffff1260005500000000000000000000000000000000000000000000000000000000000000000000",
            "storage": {}
          },
          "0x0000000000000000000000000000000000000101": {
            "nonce": "0x00",
            "balance": "0x0ba1a9ce0ba1a9ce",
            "code": "0x600260000360001260005500000000000000000000000000000000000000000000000000000000000000000000",
            "storage": {}
          },
          "0xCcCCccccCCCCcCCCCCCcCcCccCcCCCcCcccccccC": {
            "nonce": "0x00",
            "balance": "0x0ba1a9ce0ba1a9cf",
            "code": "0x600060006000600060006004356101000162fffffff100000000000000000000000000000000000000000000000000000000000000000000",
            "storage": {}
          },
          "0x2ADC25665018Aa1FE0E6BC666DaC8Fc2697fF9bA": {
            "shouldnotexist": "1"
          }
        }
      },
      {
        "indexes": {
          "data": 1,
          "gas": 0,
          "value": 0
        },
        "network": [
          ">=Cancun"
        ],
        "expectException": null,
        "result": {
          "0x0000000000000000000000000000000000000100": {
            "nonce": "0x00",
            "balance": "0x0ba1a9ce0ba1a9ce",
            "code": "0x600060026000031260005500000000000000000000000000000000000000000000000000000000000000000000",
            "storage": {}
          },
          "0x0000000000000000000000000000000000000102": {
            "nonce": "0x00",
            "balance": "0x0ba1a9ce0ba1a9ce",
            "code": "0x60007fffffffffffffffffffffffffffffffffffffffffffffffffffffffffffffffff1260005500000000000000000000000000000000000000000000000000000000000000000000",
            "storage": {}
          },
          "0xCcCCccccCCCCcCCCCCCcCcCccCcCCCcCcccccccC": {
            "nonce": "0x00",
            "balance": "0x0ba1a9ce0ba1a9cf",
            "code": "0x600060006000600060006004356101000162fffffff100000000000000000000000000000000000000000000000000000000000000000000",
            "storage": {}
          },
          "0x0000000000000000000000000000000000000103": {
            "nonce": "0x00",
            "balance": "0x0ba1a9ce0ba1a9ce",
            "code": "0x7fffffffffffffffffffffffffffffffffffffffffffffffffffffffffffffffff60001260005500000000000000000000000000000000000000000000000000000000000000000000",
            "storage": {}
          },
          "0x2ADC25665018Aa1FE0E6BC666DaC8Fc2697fF9bA": {
            "shouldnotexist": "1"
          },
          "0x0000000000000000000000000000000000000101": {
            "nonce": "0x00",
            "balance": "0x0ba1a9ce0ba1a9ce",
            "code": "0x600260000360001260005500000000000000000000000000000000000000000000000000000000000000000000",
            "storage": {
              "0x00": "0x00"
            }
          }
        }
      },
      {
        "indexes": {
          "data": 2,
          "gas": 0,
          "value": 0
        },
        "network": [
          ">=Cancun"
        ],
        "expectException": null,
        "result": {
          "0xCcCCccccCCCCcCCCCCCcCcCccCcCCCcCcccccccC": {
            "nonce": "0x00",
            "balance": "0x0ba1a9ce0ba1a9cf",
            "code": "0x600060006000600060006004356101000162fffffff100000000000000000000000000000000000000000000000000000000000000000000",
            "storage": {}
          },
          "0x0000000000000000000000000000000000000101": {
            "nonce": "0x00",
            "balance": "0x0ba1a9ce0ba1a9ce",
            "code": "0x600260000360001260005500000000000000000000000000000000000000000000000000000000000000000000",
            "storage": {}
          },
          "0x0000000000000000000000000000000000000102": {
            "nonce": "0x00",
            "balance": "0x0ba1a9ce0ba1a9ce",
            "code": "0x60007fffffffffffffffffffffffffffffffffffffffffffffffffffffffffffffffff1260005500000000000000000000000000000000000000000000000000000000000000000000",
            "storage": {
              "0x00": "0x01"
            }
          },
          "0x2ADC25665018Aa1FE0E6BC666DaC8Fc2697fF9bA": {
            "shouldnotexist": "1"
          },
          "0x0000000000000000000000000000000000000103": {
            "nonce": "0x00",
            "balance": "0x0ba1a9ce0ba1a9ce",
            "code": "0x7fffffffffffffffffffffffffffffffffffffffffffffffffffffffffffffffff60001260005500000000000000000000000000000000000000000000000000000000000000000000",
            "storage": {}
          },
          "0x0000000000000000000000000000000000000100": {
            "nonce": "0x00",
            "balance": "0x0ba1a9ce0ba1a9ce",
            "code": "0x600060026000031260005500000000000000000000000000000000000000000000000000000000000000000000",
            "storage": {}
          }
        }
      },
      {
        "indexes": {
          "data": 3,
          "gas": 0,
          "value": 0
        },
        "network": [
          ">=Cancun"
        ],
        "expectException": null,
        "result": {
          "0x0000000000000000000000000000000000000100": {
            "nonce": "0x00",
            "balance": "0x0ba1a9ce0ba1a9ce",
            "code": "0x600060026000031260005500000000000000000000000000000000000000000000000000000000000000000000",
            "storage": {}
          },
          "0x0000000000000000000000000000000000000102": {
            "nonce": "0x00",
            "balance": "0x0ba1a9ce0ba1a9ce",
            "code": "0x60007fffffffffffffffffffffffffffffffffffffffffffffffffffffffffffffffff1260005500000000000000000000000000000000000000000000000000000000000000000000",
            "storage": {}
          },
          "0x0000000000000000000000000000000000000103": {
            "nonce": "0x00",
            "balance": "0x0ba1a9ce0ba1a9ce",
            "code": "0x7fffffffffffffffffffffffffffffffffffffffffffffffffffffffffffffffff60001260005500000000000000000000000000000000000000000000000000000000000000000000",
            "storage": {
              "0x00": "0x00"
            }
          },
          "0x0000000000000000000000000000000000000101": {
            "nonce": "0x00",
            "balance": "0x0ba1a9ce0ba1a9ce",
            "code": "0x600260000360001260005500000000000000000000000000000000000000000000000000000000000000000000",
            "storage": {}
          },
          "0x2ADC25665018Aa1FE0E6BC666DaC8Fc2697fF9bA": {
            "shouldnotexist": "1"
          },
          "0xCcCCccccCCCCcCCCCCCcCcCccCcCCCcCcccccccC": {
            "nonce": "0x00",
            "balance": "0x0ba1a9ce0ba1a9cf",
            "code": "0x600060006000600060006004356101000162fffffff100000000000000000000000000000000000000000000000000000000000000000000",
            "storage": {}
          }
        }
      }
    ]
  }
}