{
  "testName": "tests/GeneralStateTests/VMTests/vmIOandFlowOperations/pop.json",
  "pop": {
    "expect": [
      {
        "indexes": {
          "data": 1,
          "gas": 0,
          "value": 0
        },
        "network": [
          ">=Cancun"
        ],
        "expectException": null,
        "result": {
          "0xCcCCccccCCCCcCCCCCCcCcCccCcCCCcCcccccccC": {
            "nonce": "0x00",
            "balance": "0x0ba1a9ce0ba1a9cf",
            "code": "0x6000600060006000600435610100015af400000000000000000000000000000000000000000000000000000000000000000000",
            "storage": {}
          },
          "0x0000000000000000000000000000000000000101": {
            "nonce": "0x00",
            "balance": "0x0ba1a9ce0ba1a9ce",
            "code": "0x5060026003600455000000000000000000000000000000000000000000000000000000000000000000",
            "storage": {}
          },
          "0x2ADC25665018Aa1FE0E6BC666DaC8Fc2697fF9bA": {
            "shouldnotexist": "1"
          },
          "0x0000000000000000000000000000000000000100": {
            "nonce": "0x00",
            "balance": "0x0ba1a9ce0ba1a9ce",
            "code": "0x6002600360045055000000000000000000000000000000000000000000000000000000000000000000",
            "storage": {}
          }
        }
      },
      {
        "indexes": {
          "data": 0,
          "gas": 0,
          "value": 0
        },
        "network": [
          ">=Cancun"
        ],
        "expectException": null,
        "result": {
          "0xCcCCccccCCCCcCCCCCCcCcCccCcCCCcCcccccccC": {
            "nonce": "0x00",
            "balance": "0x0ba1a9ce0ba1a9cf",
            "code": "0x6000600060006000600435610100015af400000000000000000000000000000000000000000000000000000000000000000000",
            "storage": {
              "0x03": "0x02"
            }
          },
          "0x2ADC25665018Aa1FE0E6BC666DaC8Fc2697fF9bA": {
            "shouldnotexist": "1"
          },
          "0x0000000000000000000000000000000000000100": {
            "nonce": "0x00",
            "balance": "0x0ba1a9ce0ba1a9ce",
            "code": "0x6002600360045055000000000000000000000000000000000000000000000000000000000000000000",
            "storage": {}
          },
          "0x0000000000000000000000000000000000000101": {
            "nonce": "0x00",
            "balance": "0x0ba1a9ce0ba1a9ce",
            "code": "0x5060026003600455000000000000000000000000000000000000000000000000000000000000000000",
            "storage": {}
          }
        }
      },
      {
        "indexes": {
          "data": 1,
          "gas": 0,
          "value": 0
        },
        "network": [
          ">=Shanghai"
        ],
        "expectException": null,
        "result": {
          "0xCcCCccccCCCCcCCCCCCcCcCccCcCCCcCcccccccC": {
            "nonce": "0x00",
            "balance": "0x0ba1a9ce0ba1a9cf",
            "code": "0x6000600060006000600435610100015af400000000000000000000000000000000000000000000000000000000000000000000",
            "storage": {}
          },
          "0x2ADC25665018Aa1FE0E6BC666DaC8Fc2697fF9bA": {
            "shouldnotexist": "1"
          },
          "0x0000000000000000000000000000000000000100": {
            "nonce": "0x00",
            "balance": "0x0ba1a9ce0ba1a9ce",
            "code": "0x6002600360045055000000000000000000000000000000000000000000000000000000000000000000",
            "storage": {}
          },
          "0x0000000000000000000000000000000000000101": {
            "nonce": "0x00",
            "balance": "0x0ba1a9ce0ba1a9ce",
            "code": "0x5060026003600455000000000000000000000000000000000000000000000000000000000000000000",
            "storage": {}
          }
        }
      },
      {
        "indexes": {
          "data": 0,
          "gas": 0,
          "value": 0
        },
        "network": [
          ">=Shanghai"
        ],
        "expectException": null,
        "result": {
          "0x0000000000000000000000000000000000000101": {
            "nonce": "0x00",
            "balance": "0x0ba1a9ce0ba1a9ce",
            "code": "0x5060026003600455000000000000000000000000000000000000000000000000000000000000000000",
            "storage": {}
          },
          "0xCcCCccccCCCCcCCCCCCcCcCccCcCCCcCcccccccC": {
            "nonce": "0x00",
            "balance": "0x0ba1a9ce0ba1a9cf",
            "code": "0x6000600060006000600435610100015af400000000000000000000000000000000000000000000000000000000000000000000",
            "storage": {
              "0x03": "0x02"
            }
          },
          "0x2ADC25665018Aa1FE0E6BC666DaC8Fc2697fF9bA": {
            "shouldnotexist": "1"
          },
          "0x0000000000000000000000000000000000000100": {
            "nonce": "0x00",
            "balance": "0x0ba1a9ce0ba1a9ce",
            "code": "0x6002600360045055000000000000000000000000000000000000000000000000000000000000000000",
            "storage": {}
          }
        }
      }
    ]
  }
}